row	col	id	content	tokens	lemmaTokens	posTags	nerTags	nerValues	number	date	num2	list
-1	0	fb:row.row.player	Player	player	player	NN	O					
-1	1	fb:row.row.career	Career	career	career	NN	O					
-1	2	fb:row.row.nickname	Nickname	nickname	nickname	NN	O					
-1	3	fb:row.row.team_inducted_as	Team Inducted As	team|inducted|as	team|induct|as	NN|VBD|IN	O|O|O	||				
0	0	fb:cell.hank_aaron	Hank Aaron	hank|aaron	hank|Aaron	NN|NNP	PERSON|PERSON	|				Hank Aaron
0	1	fb:cell.1954_76	1954–76	1954|--|76	1954|--|76	CD|:|CD	DATE|O|NUMBER	1954||76.0	1954.0		76.0	1954–76
0	2	fb:cell._hammer_hammerin_hank_or_bad_henry	"Hammer", "Hammerin’ Hank" or "Bad Henry"	``|hammer|''|,|``|hammerin|'|hank|''|or|``|bad|henry|''	``|hammer|''|,|``|Hammerin|'|hank|''|or|``|bad|Henry|''	``|VB|''|,|``|NNP|''|NN|''|CC|``|JJ|NNP|''	O|O|O|O|O|O|O|O|O|O|O|O|O|O	|||||||||||||				"Hammer"|"Hammerin’ Hank" or "Bad Henry"
0	3	fb:cell.milwaukee_braves	Milwaukee Braves	milwaukee|braves	Milwaukee|Braves	NNP|NNPS	ORGANIZATION|ORGANIZATION	|				Milwaukee Braves
1	0	fb:cell.grover_cleveland_alexander	Grover Cleveland Alexander	grover|cleveland|alexander	Grover|Cleveland|Alexander	NNP|NNP|NNP	PERSON|PERSON|PERSON	||				Grover Cleveland Alexander
1	1	fb:cell.1911_30	1911–30	1911|--|30	1911|--|30	CD|:|CD	DATE|O|NUMBER	1911||30.0	1911.0		30.0	1911–30
1	2	fb:cell._old_pete	"Old Pete"	``|old|pete|''	``|old|Pete|''	``|JJ|NNP|''	O|O|PERSON|O	|||				"Old Pete"
1	3	fb:cell.philadelphia_phillies	Philadelphia Phillies	philadelphia|phillies	Philadelphia|Phillies	NNP|NNPS	ORGANIZATION|ORGANIZATION	|				Philadelphia Phillies
2	0	fb:cell.roberto_alomar	Roberto Alomar	roberto|alomar	Roberto|Alomar	NNP|NNP	PERSON|PERSON	|				Roberto Alomar
2	1	fb:cell.1988_04	1988–04	1988|--|04	1988|--|04	CD|:|CD	DATE|O|NUMBER	1988||4.0	1988.0		4.0	1988–04
2	2	fb:cell._robbie	"Robbie"	``|robbie|''	``|Robbie|''	``|NNP|''	O|PERSON|O	||				"Robbie"
2	3	fb:cell.toronto_blue_jays	Toronto Blue Jays	toronto|blue|jays	Toronto|Blue|Jays	NNP|NNP|NNPS	ORGANIZATION|ORGANIZATION|ORGANIZATION	||				Toronto Blue Jays
3	0	fb:cell.walter_alston	Walter Alston	walter|alston	Walter|Alston	NNP|NNP	PERSON|PERSON	|				Walter Alston
3	1	fb:cell.1954_76	1954–76	1954|--|76	1954|--|76	CD|:|CD	DATE|O|NUMBER	1954||76.0	1954.0		76.0	1954–76
3	2	fb:cell._smokey	"Smokey"	``|smokey|''	``|Smokey|''	``|NNP|''	O|O|O	||				"Smokey"
3	3	fb:cell.los_angeles_dodgers	Los Angeles Dodgers	los|angeles|dodgers	Los|Angeles|Dodgers	NNP|NNP|NNPS	ORGANIZATION|ORGANIZATION|ORGANIZATION	||				Los Angeles Dodgers
4	0	fb:cell.sparky_anderson	Sparky Anderson	sparky|anderson	Sparky|Anderson	NNP|NNP	PERSON|PERSON	|				Sparky Anderson
4	1	fb:cell.1970_95	1970–95	1970|--|95	1970|--|95	CD|:|CD	DATE|O|NUMBER	1970||95.0	1970.0		95.0	1970–95
4	2	fb:cell._sparky_or_captain_hook	"Sparky" or "Captain Hook"	``|sparky|''|or|``|captain|hook|''	``|Sparky|''|or|``|Captain|hook|''	``|NNP|''|CC|``|NNP|NN|''	O|O|O|O|O|O|O|O	|||||||				"Sparky" or "Captain Hook"
4	3	fb:cell.cincinnati_reds	Cincinnati Reds	cincinnati|reds	Cincinnati|Reds	NNP|NNP	ORGANIZATION|ORGANIZATION	|				Cincinnati Reds
5	0	fb:cell.cap_anson	Cap Anson	cap|anson	cap|anson	NN|NN	PERSON|PERSON	|				Cap Anson
5	1	fb:cell.1871_97	1871–97	1871|--|97	1871|--|97	CD|:|CD	DATE|O|NUMBER	1871||97.0	1871.0		97.0	1871–97
5	2	fb:cell._cap_pop_uncle_or_captain	"Cap", "Pop", "Uncle" or "Captain"	``|cap|''|,|``|pop|''|,|``|uncle|''|or|``|captain|''	``|cap|''|,|``|Pop|''|,|``|Uncle|''|or|``|captain|''	``|NN|''|,|``|NNP|''|,|``|NNP|''|CC|``|NN|''	O|O|O|O|O|O|O|O|O|O|O|O|O|O|O	||||||||||||||				"Cap"|"Pop"|"Uncle" or "Captain"
5	3	fb:cell.chicago_white_stockings	Chicago White Stockings	chicago|white|stockings	Chicago|White|stocking	NNP|NNP|NNS	LOCATION|O|O	||				Chicago White Stockings
6	0	fb:cell.luis_aparicio	Luis Aparicio	luis|aparicio	Luis|Aparicio	NNP|NNP	PERSON|PERSON	|				Luis Aparicio
6	1	fb:cell.1956_73	1956–73	1956|--|73	1956|--|73	CD|:|CD	DATE|O|NUMBER	1956||73.0	1956.0		73.0	1956–73
6	2	fb:cell._little_louie	"Little Louie"	``|little|louie|''	``|little|Louie|''	``|JJ|NNP|''	O|O|O|O	|||				"Little Louie"
6	3	fb:cell.chicago_white_sox	Chicago White Sox	chicago|white|sox	Chicago|White|Sox	NNP|NNP|NNPS	ORGANIZATION|ORGANIZATION|ORGANIZATION	||				Chicago White Sox
7	0	fb:cell.luke_appling	Luke Appling	luke|appling	Luke|Appling	NNP|NNP	PERSON|PERSON	|				Luke Appling
7	1	fb:cell.1930_50	1930–50	1930|--|50	1930|--|50	CD|:|CD	DATE|O|NUMBER	1930||50.0	1930.0		50.0	1930–50
7	2	fb:cell._old_aches_pains_luscious_luke_fumblefoot_or_kid_boots	"Old Aches & Pains", "Luscious Luke", "Fumblefoot" or "Kid Boots"	``|old|aches|&|pains|''|,|``|luscious|luke|''|,|``|fumblefoot|''|or|``|kid|boots|''	``|old|Aches|&|pain|''|,|``|luscious|Luke|''|,|``|fumblefoot|''|or|``|Kid|Boots|''	``|JJ|NNP|CC|NNS|''|,|``|JJ|NNP|''|,|``|NN|''|CC|``|NNP|NNP|''	O|O|O|O|O|O|O|O|O|O|O|O|O|O|O|O|O|O|O|O	|||||||||||||||||||				"Old Aches & Pains"|"Luscious Luke"|"Fumblefoot" or "Kid Boots"
7	3	fb:cell.chicago_white_sox	Chicago White Sox	chicago|white|sox	Chicago|White|Sox	NNP|NNP|NNPS	ORGANIZATION|ORGANIZATION|ORGANIZATION	||				Chicago White Sox
8	0	fb:cell.richie_ashburn	Richie Ashburn	richie|ashburn	Richie|Ashburn	NNP|NNP	PERSON|PERSON	|				Richie Ashburn
8	1	fb:cell.1948_62	1948–62	1948|--|62	1948|--|62	CD|:|CD	DATE|O|NUMBER	1948||62.0	1948.0		62.0	1948–62
8	2	fb:cell._putt_putt_or_whitey	"Putt-Putt" or "Whitey"	``|putt|putt|''|or|``|whitey|''	``|putt|putt|''|or|``|Whitey|''	``|NN|NN|''|CC|``|NNP|''	O|O|O|O|O|O|O|O	|||||||				"Putt-Putt" or "Whitey"
8	3	fb:cell.philadelphia_phillies	Philadelphia Phillies	philadelphia|phillies	Philadelphia|Phillies	NNP|NNPS	ORGANIZATION|ORGANIZATION	|				Philadelphia Phillies
9	0	fb:cell.earl_averill	Earl Averill	earl|averill	Earl|Averill	NNP|NNP	PERSON|PERSON	|				Earl Averill
9	1	fb:cell.1929_41	1929–41	1929|--|41	1929|--|41	CD|:|CD	DATE|O|NUMBER	1929||41.0	1929.0		41.0	1929–41
9	2	fb:cell._rock_or_earl_of_snohomish	"Rock" or "Earl of Snohomish"	``|rock|''|or|``|earl|of|snohomish|''	``|Rock|''|or|``|Earl|of|Snohomish|''	``|NNP|''|CC|``|NNP|IN|NNP|''	O|O|O|O|O|O|O|O|O	||||||||				"Rock" or "Earl of Snohomish"
9	3	fb:cell.cleveland_indians	Cleveland Indians	cleveland|indians	Cleveland|Indians	NNP|NNPS	ORGANIZATION|ORGANIZATION	|				Cleveland Indians
10	0	fb:cell.frank_baker	Frank Baker	frank|baker	Frank|Baker	NNP|NNP	PERSON|PERSON	|				Frank Baker
10	1	fb:cell.1908_22	1908–22	1908|--|22	1908|--|22	CD|:|CD	DATE|O|NUMBER	1908||22.0	1908.0		22.0	1908–22
10	2	fb:cell._home_run	"Home Run"	``|home|run|''	``|home|run|''	``|NN|NN|''	O|O|O|O	|||				"Home Run"
10	3	fb:cell.philadelphia_athletics	Philadelphia Athletics	philadelphia|athletics	Philadelphia|Athletics	NNP|NNP	ORGANIZATION|ORGANIZATION	|				Philadelphia Athletics
11	0	fb:cell.dave_bancroft	Dave Bancroft	dave|bancroft	Dave|Bancroft	NNP|NNP	PERSON|PERSON	|				Dave Bancroft
11	1	fb:cell.1915_30	1915–30	1915|--|30	1915|--|30	CD|:|CD	DATE|O|NUMBER	1915||30.0	1915.0		30.0	1915–30
11	2	fb:cell._beauty	"Beauty"	``|beauty|''	``|beauty|''	``|NN|''	O|O|O	||				"Beauty"
11	3	fb:cell.philadelphia_phillies	Philadelphia Phillies	philadelphia|phillies	Philadelphia|Phillies	NNP|NNPS	ORGANIZATION|ORGANIZATION	|				Philadelphia Phillies
12	0	fb:cell.ernie_banks	Ernie Banks	ernie|banks	Ernie|bank	NNP|NNS	PERSON|PERSON	|				Ernie Banks
12	1	fb:cell.1953_71	1953–71	1953|--|71	1953|--|71	CD|:|CD	DATE|O|NUMBER	1953||71.0	1953.0		71.0	1953–71
12	2	fb:cell._mr_cub	"Mr. Cub"	``|mr.|cub|''	``|Mr.|cub|''	``|NNP|NN|''	O|O|O|O	|||				"Mr. Cub"
12	3	fb:cell.chicago_cubs	Chicago Cubs	chicago|cubs	Chicago|Cubs	NNP|NNP	ORGANIZATION|ORGANIZATION	|				Chicago Cubs
13	0	fb:cell.jake_beckley	Jake Beckley	jake|beckley	Jake|Beckley	NNP|NNP	PERSON|PERSON	|				Jake Beckley
13	1	fb:cell.1888_1907	1888–1907	1888|--|1907	1888|--|1907	CD|:|CD	DATE|O|DATE	1888||1907	1888.0		1907.0	1888–1907
13	2	fb:cell._eagle_eye	"Eagle Eye"	``|eagle|eye|''	``|Eagle|Eye|''	``|NNP|NNP|''	O|O|O|O	|||				"Eagle Eye"
13	3	fb:cell.pittsburgh_pirates	Pittsburgh Pirates	pittsburgh|pirates	Pittsburgh|pirate	NNP|NNS	ORGANIZATION|ORGANIZATION	|				Pittsburgh Pirates
14	0	fb:cell.james_bell	James Bell	james|bell	James|Bell	NNP|NNP	PERSON|PERSON	|				James Bell
14	1	fb:cell.1922_1938_1942_1947_1950	1922–1938, 1942, 1947–1950	1922|--|1938|,|1942|,|1947|--|1950	1922|--|1938|,|1942|,|1947|--|1950	CD|:|CD|,|CD|,|CD|:|CD	DATE|O|DATE|O|DATE|O|DATE|O|DATE	1922||1938||1942||1947||1950	1922.0		1.93819421947E11	1922–1938|1942|1947–1950
14	2	fb:cell._cool_papa	"Cool Papa"	``|cool|papa|''	``|cool|papa|''	``|JJ|NN|''	O|O|O|O	|||				"Cool Papa"
14	3	fb:cell.st_louis_stars	St. Louis Stars	st.|louis|stars	St.|Louis|Stars	NNP|NNP|NNP	ORGANIZATION|ORGANIZATION|ORGANIZATION	||				St. Louis Stars
15	0	fb:cell.johnny_bench	Johnny Bench	johnny|bench	Johnny|bench	NNP|NN	PERSON|PERSON	|				Johnny Bench
15	1	fb:cell.1967_83	1967–83	1967|--|83	1967|--|83	CD|:|CD	DATE|O|NUMBER	1967||83.0	1967.0		83.0	1967–83
15	2	fb:cell._little_general	"Little General"	``|little|general|''	``|little|general|''	``|JJ|JJ|''	O|O|O|O	|||				"Little General"
15	3	fb:cell.cincinnati_reds	Cincinnati Reds	cincinnati|reds	Cincinnati|Reds	NNP|NNP	ORGANIZATION|ORGANIZATION	|				Cincinnati Reds
16	0	fb:cell.chief_bender	Chief Bender	chief|bender	chief|Bender	JJ|NNP	O|PERSON	|				Chief Bender
16	1	fb:cell.1903_25	1903–25	1903|--|25	1903|--|25	CD|:|CD	DATE|O|NUMBER	1903||25.0	1903.0		25.0	1903–25
16	2	fb:cell._chief	"Chief"	``|chief|''	``|chief|''	``|NN|''	O|O|O	||				"Chief"
16	3	fb:cell.philadelphia_athletics	Philadelphia Athletics	philadelphia|athletics	Philadelphia|Athletics	NNP|NNP	ORGANIZATION|ORGANIZATION	|				Philadelphia Athletics
17	0	fb:cell.yogi_berra	Yogi Berra	yogi|berra	Yogi|Berra	NNP|NNP	PERSON|PERSON	|				Yogi Berra
17	1	fb:cell.1946_65	1946–65	1946|--|65	1946|--|65	CD|:|CD	DATE|O|NUMBER	1946||65.0	1946.0		65.0	1946–65
17	2	fb:cell._yogi	"Yogi"	``|yogi|''	``|Yogi|''	``|NNP|''	O|O|O	||				"Yogi"
17	3	fb:cell.new_york_yankees	New York Yankees	new|york|yankees	New|York|Yankees	NNP|NNP|NNPS	ORGANIZATION|ORGANIZATION|ORGANIZATION	||				New York Yankees
18	0	fb:cell.wade_boggs	Wade Boggs	wade|boggs	Wade|Boggs	NNP|NNP	PERSON|PERSON	|				Wade Boggs
18	1	fb:cell.1982_99	1982–99	1982|--|99	1982|--|99	CD|:|CD	DATE|O|NUMBER	1982||99.0	1982.0		99.0	1982–99
18	2	fb:cell._chicken_man	"Chicken Man"	``|chicken|man|''	``|chicken|man|''	``|NN|NN|''	O|O|O|O	|||				"Chicken Man"
18	3	fb:cell.boston_red_sox	Boston Red Sox	boston|red|sox	Boston|Red|Sox	NNP|NNP|NNP	ORGANIZATION|ORGANIZATION|ORGANIZATION	||				Boston Red Sox
19	0	fb:cell.jim_bottomley	Jim Bottomley	jim|bottomley	Jim|Bottomley	NNP|NNP	PERSON|PERSON	|				Jim Bottomley
19	1	fb:cell.1922_37	1922–37	1922|--|37	1922|--|37	CD|:|CD	DATE|O|NUMBER	1922||37.0	1922.0		37.0	1922–37
19	2	fb:cell._sunny_jim	"Sunny Jim"	``|sunny|jim|''	``|sunny|Jim|''	``|JJ|NNP|''	O|O|PERSON|O	|||				"Sunny Jim"
19	3	fb:cell.st_louis_cardinals	St. Louis Cardinals	st.|louis|cardinals	St.|Louis|Cardinals	NNP|NNP|NNPS	ORGANIZATION|ORGANIZATION|ORGANIZATION	||				St. Louis Cardinals
20	0	fb:cell.roger_bresnahan	Roger Bresnahan	roger|bresnahan	Roger|Bresnahan	NNP|NNP	PERSON|PERSON	|				Roger Bresnahan
20	1	fb:cell.1897_1915	1897–1915	1897|--|1915	1897|--|1915	CD|:|CD	DATE|O|DATE	1897||1915	1897.0		1915.0	1897–1915
20	2	fb:cell._the_duke_of_tralee	"The Duke of Tralee"	``|the|duke|of|tralee|''	``|the|Duke|of|Tralee|''	``|DT|NNP|IN|NNP|''	O|O|O|O|LOCATION|O	|||||				"The Duke of Tralee"
20	3	fb:cell.new_york_giants	New York Giants	new|york|giants	New|York|Giants	NNP|NNP|NNPS	ORGANIZATION|ORGANIZATION|ORGANIZATION	||				New York Giants
21	0	fb:cell.lou_brock	Lou Brock	lou|brock	Lou|Brock	NNP|NNP	PERSON|PERSON	|				Lou Brock
21	1	fb:cell.1961_79	1961–79	1961|--|79	1961|--|79	CD|:|CD	DATE|O|NUMBER	1961||79.0	1961.0		79.0	1961–79
21	2	fb:cell._the_franchise	"The Franchise"	``|the|franchise|''	``|the|franchise|''	``|DT|NN|''	O|O|O|O	|||				"The Franchise"
21	3	fb:cell.st_louis_cardinals	St. Louis Cardinals	st.|louis|cardinals	St.|Louis|Cardinals	NNP|NNP|NNPS	ORGANIZATION|ORGANIZATION|ORGANIZATION	||				St. Louis Cardinals
22	0	fb:cell.dan_brouthers	Dan Brouthers	dan|brouthers	Dan|Brouthers	NNP|NNP	PERSON|PERSON	|				Dan Brouthers
22	1	fb:cell.1879_96	1879–96	1879|--|96	1879|--|96	NNS|:|CD	SET|O|NUMBER	||96.0	1879.0		96.0	1879–96
22	2	fb:cell._big_dan_or_alderman	"Big Dan" or "Alderman"	``|big|dan|''|or|``|alderman|''	``|Big|Dan|''|or|``|Alderman|''	``|NNP|NNP|''|CC|``|NNP|''	O|O|O|O|O|O|O|O	|||||||				"Big Dan" or "Alderman"
22	3	fb:cell.buffalo_bisons	Buffalo Bisons	buffalo|bisons	Buffalo|Bisons	NNP|NNPS	ORGANIZATION|ORGANIZATION	|				Buffalo Bisons
23	0	fb:cell.mordecai_brown	Mordecai Brown	mordecai|brown	Mordecai|Brown	NNP|NNP	PERSON|PERSON	|				Mordecai Brown
23	1	fb:cell.1903_16	1903–16	1903|--|16	1903|--|16	CD|:|CD	DATE|O|NUMBER	1903||16.0	1903.0		16.0	1903–16
23	2	fb:cell._three_finger_or_miner	"Three Finger" or "Miner"	``|three|finger|''|or|``|miner|''	``|three|finger|''|or|``|Miner|''	``|CD|NN|''|CC|``|NNP|''	O|NUMBER|O|O|O|O|O|O	|3.0||||||				"Three Finger" or "Miner"
23	3	fb:cell.chicago_cubs	Chicago Cubs	chicago|cubs	Chicago|Cubs	NNP|NNP	ORGANIZATION|ORGANIZATION	|				Chicago Cubs
24	0	fb:cell.jesse_burkett	Jesse Burkett	jesse|burkett	Jesse|Burkett	NNP|NNP	PERSON|PERSON	|				Jesse Burkett
24	1	fb:cell.1890_1905	1890–1905	1890|--|1905	1890|--|1905	CD|:|CD	DATE|O|DATE	1890||1905	1890.0		1905.0	1890–1905
24	2	fb:cell._crab	"Crab"	``|crab|''	``|crab|''	``|NN|''	O|O|O	||				"Crab"
24	3	fb:cell.cleveland_spiders	Cleveland Spiders	cleveland|spiders	Cleveland|spider	NNP|NNS	LOCATION|O	|				Cleveland Spiders
25	0	fb:cell.roy_campanella	Roy Campanella	roy|campanella	Roy|Campanella	NNP|NNP	PERSON|PERSON	|				Roy Campanella
25	1	fb:cell.1948_57	1948–57	1948|--|57	1948|--|57	CD|:|CD	DATE|O|NUMBER	1948||57.0	1948.0		57.0	1948–57
25	2	fb:cell._campy	"Campy"	``|campy|''	``|campy|''	``|JJ|''	O|O|O	||				"Campy"
25	3	fb:cell.brooklyn_dodgers	Brooklyn Dodgers	brooklyn|dodgers	Brooklyn|Dodgers	NNP|NNPS	ORGANIZATION|ORGANIZATION	|				Brooklyn Dodgers
26	0	fb:cell.max_carey	Max Carey	max|carey	Max|Carey	NNP|NNP	PERSON|PERSON	|				Max Carey
26	1	fb:cell.1910_29	1910–29	1910|--|29	1910|--|29	CD|:|CD	DATE|O|NUMBER	1910||29.0	1910.0		29.0	1910–29
26	2	fb:cell._scoops	"Scoops"	``|scoops|''	``|scoop|''	``|VBZ|''	O|O|O	||				"Scoops"
26	3	fb:cell.pittsburgh_pirates	Pittsburgh Pirates	pittsburgh|pirates	Pittsburgh|pirate	NNP|NNS	ORGANIZATION|ORGANIZATION	|				Pittsburgh Pirates
27	0	fb:cell.steve_carlton	Steve Carlton	steve|carlton	Steve|Carlton	NNP|NNP	PERSON|PERSON	|				Steve Carlton
27	1	fb:cell.1965_88	1965–88	1965|--|88	1965|--|88	CD|:|CD	DATE|O|NUMBER	1965||88.0	1965.0		88.0	1965–88
27	2	fb:cell._lefty	"Lefty"	``|lefty|''	``|Lefty|''	``|NNP|''	O|O|O	||				"Lefty"
27	3	fb:cell.philadelphia_phillies	Philadelphia Phillies	philadelphia|phillies	Philadelphia|Phillies	NNP|NNPS	ORGANIZATION|ORGANIZATION	|				Philadelphia Phillies
28	0	fb:cell.gary_carter	Gary Carter	gary|carter	Gary|Carter	NNP|NNP	PERSON|PERSON	|				Gary Carter
28	1	fb:cell.1974_92	1974–92	1974|--|92	1974|--|92	CD|:|CD	DATE|O|NUMBER	1974||92.0	1974.0		92.0	1974–92
28	2	fb:cell._the_kid	"The Kid"	``|the|kid|''	``|the|kid|''	``|DT|NN|''	O|O|O|O	|||				"The Kid"
28	3	fb:cell.montreal_expos	Montreal Expos	montreal|expos	Montreal|Expos	NNP|NNPS	ORGANIZATION|ORGANIZATION	|				Montreal Expos
29	0	fb:cell.orlando_cepeda	Orlando Cepeda	orlando|cepeda	Orlando|Cepeda	NNP|NNP	PERSON|PERSON	|				Orlando Cepeda
29	1	fb:cell.1958_74	1958–74	1958|--|74	1958|--|74	CD|:|CD	DATE|O|NUMBER	1958||74.0	1958.0		74.0	1958–74
29	2	fb:cell._baby_bull_or_cha_cha	"Baby Bull" or "Cha Cha"	``|baby|bull|''|or|``|cha|cha|''	``|baby|bull|''|or|``|Cha|Cha|''	``|NN|NN|''|CC|``|NNP|NNP|''	O|O|O|O|O|O|O|O|O	||||||||				"Baby Bull" or "Cha Cha"
29	3	fb:cell.san_francisco_giants	San Francisco Giants	san|francisco|giants	San|Francisco|Giants	NNP|NNP|NNPS	ORGANIZATION|ORGANIZATION|ORGANIZATION	||				San Francisco Giants
30	0	fb:cell.frank_chance	Frank Chance	frank|chance	Frank|chance	NNP|NN	PERSON|PERSON	|				Frank Chance
30	1	fb:cell.1898_1914	1898–1914	1898|--|1914	1898|--|1914	CD|:|CD	DATE|O|DATE	1898||1914	1898.0		1914.0	1898–1914
30	2	fb:cell._husk_the_peerless_leader_and_part_of_tinker_to_evers_to_chance	"Husk", "The Peerless Leader" and part of "Tinker to Evers to Chance"	``|husk|''|,|``|the|peerless|leader|''|and|part|of|``|tinker|to|evers|to|chance|''	``|husk|''|,|``|the|peerless|leader|''|and|part|of|``|Tinker|to|Evers|to|chance|''	``|NN|''|,|``|DT|JJ|NN|''|CC|NN|IN|``|NNP|TO|NNP|TO|NN|''	O|O|O|O|O|O|O|O|O|O|O|O|O|O|O|O|O|O|O	||||||||||||||||||				"Husk"|"The Peerless Leader" and part of "Tinker to Evers to Chance"
30	3	fb:cell.chicago_cubs	Chicago Cubs	chicago|cubs	Chicago|Cubs	NNP|NNP	ORGANIZATION|ORGANIZATION	|				Chicago Cubs
31	0	fb:cell.happy_chandler	Happy Chandler	happy|chandler	happy|Chandler	JJ|NNP	O|O	|				Happy Chandler
31	1	fb:cell.1945_1951	1945–1951	1945|--|1951	1945|--|1951	CD|:|CD	DATE|O|DATE	1945||1951	1945.0		1951.0	1945–1951
31	2	fb:cell._happy	"Happy"	``|happy|''	``|happy|''	``|JJ|''	O|O|O	||				"Happy"
31	3	fb:cell.n_a	N/A	n/a	N/A	NNP	O					N|A
32	0	fb:cell.jack_chesbro	Jack Chesbro	jack|chesbro	Jack|Chesbro	NNP|NNP	PERSON|PERSON	|				Jack Chesbro
32	1	fb:cell.1899_1909	1899–1909	1899|--|1909	1899|--|1909	CD|:|CD	DATE|O|DATE	1899||1909	1899.0		1909.0	1899–1909
32	2	fb:cell._happy_jack	"Happy Jack"	``|happy|jack|''	``|happy|jack|''	``|JJ|NN|''	O|O|PERSON|O	|||				"Happy Jack"
32	3	fb:cell.new_york_yankees	New York Yankees	new|york|yankees	New|York|Yankees	NNP|NNP|NNPS	ORGANIZATION|ORGANIZATION|ORGANIZATION	||				New York Yankees
33	0	fb:cell.fred_clarke	Fred Clarke	fred|clarke	Fred|Clarke	NNP|NNP	PERSON|PERSON	|				Fred Clarke
33	1	fb:cell.1897_1915	1897–1915	1897|--|1915	1897|--|1915	CD|:|CD	DATE|O|DATE	1897||1915	1897.0		1915.0	1897–1915
33	2	fb:cell._cap	"Cap"	``|cap|''	``|cap|''	``|NN|''	O|O|O	||				"Cap"
33	3	fb:cell.pittsburgh_pirates	Pittsburgh Pirates	pittsburgh|pirates	Pittsburgh|pirate	NNP|NNS	ORGANIZATION|ORGANIZATION	|				Pittsburgh Pirates
34	0	fb:cell.roberto_clemente	Roberto Clemente	roberto|clemente	Roberto|Clemente	NNP|NNP	PERSON|PERSON	|				Roberto Clemente
34	1	fb:cell.1955_72	1955–72	1955|--|72	1955|--|72	CD|:|CD	DATE|O|NUMBER	1955||72.0	1955.0		72.0	1955–72
34	2	fb:cell._arriba_or_bob	"Arriba" or "Bob"	``|arriba|''|or|``|bob|''	``|arriba|''|or|``|Bob|''	``|FW|''|CC|``|NNP|''	O|O|O|O|O|O|O	||||||				"Arriba" or "Bob"
34	3	fb:cell.pittsburgh_pirates	Pittsburgh Pirates	pittsburgh|pirates	Pittsburgh|pirate	NNP|NNS	ORGANIZATION|ORGANIZATION	|				Pittsburgh Pirates
35	0	fb:cell.ty_cobb	Ty Cobb	ty|cobb	Ty|Cobb	NNP|NNP	PERSON|PERSON	|				Ty Cobb
35	1	fb:cell.1905_28	1905–28	1905|--|28	1905|--|28	CD|:|CD	DATE|O|NUMBER	1905||28.0	1905.0		28.0	1905–28
35	2	fb:cell._the_georgia_peach	"The Georgia Peach"	``|the|georgia|peach|''	``|the|Georgia|peach|''	``|DT|NNP|NN|''	O|O|LOCATION|O|O	||||				"The Georgia Peach"
35	3	fb:cell.detroit_tigers	Detroit Tigers	detroit|tigers	Detroit|Tigers	NNP|NNP	ORGANIZATION|ORGANIZATION	|				Detroit Tigers
36	0	fb:cell.mickey_cochrane	Mickey Cochrane	mickey|cochrane	Mickey|Cochrane	NNP|NNP	PERSON|PERSON	|				Mickey Cochrane
36	1	fb:cell.1925_37	1925–37	1925|--|37	1925|--|37	CD|:|CD	DATE|O|NUMBER	1925||37.0	1925.0		37.0	1925–37
36	2	fb:cell._black_mike_or_mickey	"Black Mike" or "Mickey"	``|black|mike|''|or|``|mickey|''	``|black|Mike|''|or|``|Mickey|''	``|JJ|NNP|''|CC|``|NNP|''	O|O|O|O|O|O|O|O	|||||||				"Black Mike" or "Mickey"
36	3	fb:cell.detroit_tigers	Detroit Tigers	detroit|tigers	Detroit|Tigers	NNP|NNP	ORGANIZATION|ORGANIZATION	|				Detroit Tigers
37	0	fb:cell.eddie_collins	Eddie Collins	eddie|collins	Eddie|Collins	NNP|NNP	PERSON|PERSON	|				Eddie Collins
37	1	fb:cell.1906_30	1906–30	1906|--|30	1906|--|30	CD|:|CD	DATE|O|NUMBER	1906||30.0	1906.0		30.0	1906–30
37	2	fb:cell._cocky	"Cocky"	``|cocky|''	``|cocky|''	``|JJ|''	O|O|O	||				"Cocky"
37	3	fb:cell.philadelphia_athletics	Philadelphia Athletics	philadelphia|athletics	Philadelphia|Athletics	NNP|NNP	ORGANIZATION|ORGANIZATION	|				Philadelphia Athletics
38	0	fb:cell.earle_combs	Earle Combs	earle|combs	Earle|comb	NNP|NNS	PERSON|PERSON	|				Earle Combs
38	1	fb:cell.1924_35	1924–35	1924|--|35	1924|--|35	CD|:|CD	DATE|O|NUMBER	1924||35.0	1924.0		35.0	1924–35
38	2	fb:cell._the_kentucky_colonel	"The Kentucky Colonel"	``|the|kentucky|colonel|''	``|the|Kentucky|Colonel|''	``|DT|NNP|NNP|''	O|O|LOCATION|O|O	||||				"The Kentucky Colonel"
38	3	fb:cell.new_york_yankees	New York Yankees	new|york|yankees	New|York|Yankees	NNP|NNP|NNPS	ORGANIZATION|ORGANIZATION|ORGANIZATION	||				New York Yankees
39	0	fb:cell.charlie_comiskey	Charlie Comiskey	charlie|comiskey	Charlie|Comiskey	NNP|NNP	PERSON|PERSON	|				Charlie Comiskey
39	1	fb:cell.1882_94	1882–94	1882|--|94	1882|--|94	CD|:|CD	DATE|O|NUMBER	1882||94.0	1882.0		94.0	1882–94
39	2	fb:cell._commy_or_the_old_roman	"Commy" or "The Old Roman"	``|commy|''|or|``|the|old|roman|''	``|commy|''|or|``|the|old|Roman|''	``|NN|''|CC|``|DT|JJ|NNP|''	O|O|O|O|O|O|O|MISC|O	||||||||				"Commy" or "The Old Roman"
39	3	fb:cell.n_a	N/A	n/a	N/A	NNP	O					N|A
40	0	fb:cell.jocko_conlan	Jocko Conlan	jocko|conlan	Jocko|Conlan	NNP|NNP	PERSON|PERSON	|				Jocko Conlan
40	1	fb:cell.1941_1965	1941–1965	1941|--|1965	1941|--|1965	CD|:|CD	DATE|O|DATE	1941||1965	1941.0		1965.0	1941–1965
40	2	fb:cell._jocko	"Jocko"	``|jocko|''	``|Jocko|''	``|NNP|''	O|PERSON|O	||				"Jocko"
40	3	fb:cell.n_a	N/A	n/a	N/A	NNP	O					N|A
41	0	fb:cell.stan_coveleski	Stan Coveleski	stan|coveleski	Stan|Coveleski	NNP|NNP	PERSON|PERSON	|				Stan Coveleski
41	1	fb:cell.1912_28	1912–28	1912|--|28	1912|--|28	CD|:|CD	DATE|O|NUMBER	1912||28.0	1912.0		28.0	1912–28
41	2	fb:cell._covey	"Covey"	``|covey|''	``|Covey|''	``|NNP|''	O|O|O	||				"Covey"
41	3	fb:cell.cleveland_indians	Cleveland Indians	cleveland|indians	Cleveland|Indians	NNP|NNPS	ORGANIZATION|ORGANIZATION	|				Cleveland Indians
42	0	fb:cell.sam_crawford	Sam Crawford	sam|crawford	Sam|Crawford	NNP|NNP	PERSON|PERSON	|				Sam Crawford
42	1	fb:cell.1899_1917	1899–1917	1899|--|1917	1899|--|1917	CD|:|CD	DATE|O|DATE	1899||1917	1899.0		1917.0	1899–1917
42	2	fb:cell._wahoo_sam	"Wahoo Sam"	``|wahoo|sam|''	``|Wahoo|Sam|''	``|NNP|NNP|''	O|PERSON|PERSON|O	|||				"Wahoo Sam"
42	3	fb:cell.detroit_tigers	Detroit Tigers	detroit|tigers	Detroit|Tigers	NNP|NNP	ORGANIZATION|ORGANIZATION	|				Detroit Tigers
43	0	fb:cell.candy_cummings	Candy Cummings	candy|cummings	candy|cumming	NN|NNS	PERSON|PERSON	|				Candy Cummings
43	1	fb:cell.1872_77	1872–77	1872|--|77	1872|--|77	CD|:|CD	DATE|O|NUMBER	1872||77.0	1872.0		77.0	1872–77
43	2	fb:cell._candy	"Candy"	``|candy|''	``|candy|''	``|NN|''	O|O|O	||				"Candy"
43	3	fb:cell.hartford_dark_blues	Hartford Dark Blues	hartford|dark|blues	Hartford|dark|blues	NNP|JJ|NN	LOCATION|O|O	||				Hartford Dark Blues
44	0	fb:cell.kiki_cuyler	Kiki Cuyler	kiki|cuyler	Kiki|Cuyler	NNP|NNP	PERSON|PERSON	|				Kiki Cuyler
44	1	fb:cell.1921_38	1921–38	1921|--|38	1921|--|38	CD|:|CD	DATE|O|NUMBER	1921||38.0	1921.0		38.0	1921–38
44	2	fb:cell._kiki_or_cuy	"Kiki" or "Cuy"	``|kiki|''|or|``|cuy|''	``|Kiki|''|or|``|Cuy|''	``|NNP|''|CC|``|NNP|''	O|PERSON|O|O|O|O|O	||||||				"Kiki" or "Cuy"
44	3	fb:cell.chicago_cubs	Chicago Cubs	chicago|cubs	Chicago|Cubs	NNP|NNP	ORGANIZATION|ORGANIZATION	|				Chicago Cubs
45	0	fb:cell.dizzy_dean	Dizzy Dean	dizzy|dean	dizzy|Dean	JJ|NNP	PERSON|PERSON	|				Dizzy Dean
45	1	fb:cell.1930_41	1930–41	1930|--|41	1930|--|41	CD|:|CD	DATE|O|NUMBER	1930||41.0	1930.0		41.0	1930–41
45	2	fb:cell._diz_dizzy_or_the_great_man	"Diz", "Dizzy" or "The Great Man"	``|diz|''|,|``|dizzy|''|or|``|the|great|man|''	``|diz|''|,|``|dizzy|''|or|``|the|great|man|''	``|NN|''|,|``|JJ|''|CC|``|DT|JJ|NN|''	O|O|O|O|O|O|O|O|O|O|O|O|O	||||||||||||				"Diz"|"Dizzy" or "The Great Man"
45	3	fb:cell.st_louis_cardinals	St. Louis Cardinals	st.|louis|cardinals	St.|Louis|Cardinals	NNP|NNP|NNPS	ORGANIZATION|ORGANIZATION|ORGANIZATION	||				St. Louis Cardinals
46	0	fb:cell.ed_delahanty	Ed Delahanty	ed|delahanty	Ed|Delahanty	NNP|NNP	PERSON|PERSON	|				Ed Delahanty
46	1	fb:cell.1888_1903	1888–1903	1888|--|1903	1888|--|1903	CD|:|CD	DATE|O|DATE	1888||1903	1888.0		1903.0	1888–1903
46	2	fb:cell._big_ed	"Big Ed"	``|big|ed|''	``|big|Ed|''	``|JJ|NNP|''	O|O|O|O	|||				"Big Ed"
46	3	fb:cell.philadelphia_phillies	Philadelphia Phillies	philadelphia|phillies	Philadelphia|Phillies	NNP|NNPS	ORGANIZATION|ORGANIZATION	|				Philadelphia Phillies
47	0	fb:cell.joe_dimaggio	Joe DiMaggio	joe|dimaggio	Joe|DiMaggio	NNP|NNP	PERSON|PERSON	|				Joe DiMaggio
47	1	fb:cell.1936_51	1936–51	1936|--|51	1936|--|51	CD|:|CD	DATE|O|NUMBER	1936||51.0	1936.0		51.0	1936–51
47	2	fb:cell._the_yankee_clipper_or_joltin_joe	"The Yankee Clipper" or "Joltin Joe"	``|the|yankee|clipper|''|or|``|joltin|joe|''	``|the|Yankee|Clipper|''|or|``|Joltin|Joe|''	``|DT|NNP|NNP|''|CC|``|NNP|NNP|''	O|O|MISC|O|O|O|O|PERSON|PERSON|O	|||||||||				"The Yankee Clipper" or "Joltin Joe"
47	3	fb:cell.new_york_yankees	New York Yankees	new|york|yankees	New|York|Yankees	NNP|NNP|NNPS	ORGANIZATION|ORGANIZATION|ORGANIZATION	||				New York Yankees
48	0	fb:cell.don_drysdale	Don Drysdale	don|drysdale	Don|Drysdale	NNP|NNP	PERSON|PERSON	|				Don Drysdale
48	1	fb:cell.1956_69	1956–69	1956|--|69	1956|--|69	CD|:|CD	DATE|O|NUMBER	1956||69.0	1956.0		69.0	1956–69
48	2	fb:cell._big_d	"Big D"	``|big|d|''	``|big|d|''	``|JJ|NN|''	O|O|O|O	|||				"Big D"
48	3	fb:cell.los_angeles_dodgers	Los Angeles Dodgers	los|angeles|dodgers	Los|Angeles|Dodgers	NNP|NNP|NNPS	ORGANIZATION|ORGANIZATION|ORGANIZATION	||				Los Angeles Dodgers
49	0	fb:cell.hugh_duffy	Hugh Duffy	hugh|duffy	Hugh|duffy	NNP|NN	PERSON|PERSON	|				Hugh Duffy
49	1	fb:cell.1888_1906	1888–1906	1888|--|1906	1888|--|1906	CD|:|CD	DATE|O|DATE	1888||1906	1888.0		1906.0	1888–1906
49	2	fb:cell._sir_hugh	"Sir Hugh"	``|sir|hugh|''	``|Sir|Hugh|''	``|NNP|NNP|''	O|O|PERSON|O	|||				"Sir Hugh"
49	3	fb:cell.boston_beaneaters	Boston Beaneaters	boston|beaneaters	Boston|Beaneaters	NNP|NNPS	ORGANIZATION|ORGANIZATION	|				Boston Beaneaters
50	0	fb:cell.leo_durocher	Leo Durocher	leo|durocher	Leo|Durocher	NNP|NNP	PERSON|PERSON	|				Leo Durocher
50	1	fb:cell.1925_73	1925–73	1925|--|73	1925|--|73	CD|:|CD	DATE|O|NUMBER	1925||73.0	1925.0		73.0	1925–73
50	2	fb:cell._the_lip_or_lippy	"The Lip" or "Lippy"	``|the|lip|''|or|``|lippy|''	``|the|lip|''|or|``|Lippy|''	``|DT|NN|''|CC|``|NNP|''	O|O|O|O|O|O|O|O	|||||||				"The Lip" or "Lippy"
50	3	fb:cell.brooklyn_dodgers	Brooklyn Dodgers	brooklyn|dodgers	Brooklyn|Dodgers	NNP|NNPS	ORGANIZATION|ORGANIZATION	|				Brooklyn Dodgers
51	0	fb:cell.dennis_eckersley	Dennis Eckersley	dennis|eckersley	Dennis|Eckersley	NNP|NNP	PERSON|PERSON	|				Dennis Eckersley
51	1	fb:cell.1975_98	1975–98	1975|--|98	1975|--|98	CD|:|CD	DATE|O|NUMBER	1975||98.0	1975.0		98.0	1975–98
51	2	fb:cell._the_eck	"The Eck"	``|the|eck|''	``|the|eck|''	``|DT|NN|''	O|O|O|O	|||				"The Eck"
51	3	fb:cell.oakland_athletics	Oakland Athletics	oakland|athletics	Oakland|Athletics	NNP|NNP	ORGANIZATION|ORGANIZATION	|				Oakland Athletics
52	0	fb:cell.johnny_evers	Johnny Evers	johnny|evers	Johnny|Evers	NNP|NNP	PERSON|PERSON	|				Johnny Evers
52	1	fb:cell.1902_29	1902–29	1902|--|29	1902|--|29	CD|:|CD	DATE|O|NUMBER	1902||29.0	1902.0		29.0	1902–29
52	2	fb:cell._the_crab_trojan_and_part_of_tinker_to_evers_to_chance	"The Crab", "Trojan" and part of "Tinker to Evers to Chance"	``|the|crab|''|,|``|trojan|''|and|part|of|``|tinker|to|evers|to|chance|''	``|the|crab|''|,|``|Trojan|''|and|part|of|``|Tinker|to|Evers|to|chance|''	``|DT|NN|''|,|``|NNP|''|CC|NN|IN|``|NNP|TO|NNP|TO|NN|''	O|O|O|O|O|O|O|O|O|O|O|O|O|O|O|O|O|O	|||||||||||||||||				"The Crab"|"Trojan" and part of "Tinker to Evers to Chance"
52	3	fb:cell.chicago_cubs	Chicago Cubs	chicago|cubs	Chicago|Cubs	NNP|NNP	ORGANIZATION|ORGANIZATION	|				Chicago Cubs
53	0	fb:cell.buck_ewing	Buck Ewing	buck|ewing	Buck|Ewing	NNP|NNP	PERSON|PERSON	|				Buck Ewing
53	1	fb:cell.1880_97	1880–97	1880|--|97	1880|--|97	NNP|:|CD	DATE|O|NUMBER	1880||97.0	1880.0		97.0	1880–97
53	2	fb:cell._buck	"Buck"	``|buck|''	``|Buck|''	``|NNP|''	O|O|O	||				"Buck"
53	3	fb:cell.new_york_gothams	New York Gothams	new|york|gothams	New|York|Gothams	NNP|NNP|NNPS	LOCATION|LOCATION|O	||				New York Gothams
54	0	fb:cell.red_faber	Red Faber	red|faber	red|Faber	JJ|NNP	PERSON|PERSON	|				Red Faber
54	1	fb:cell.1914_33	1914–33	1914|--|33	1914|--|33	CD|:|CD	DATE|O|NUMBER	1914||33.0	1914.0		33.0	1914–33
54	2	fb:cell._red	"Red"	``|red|''	``|Red|''	``|NNP|''	O|O|O	||				"Red"
54	3	fb:cell.chicago_white_sox	Chicago White Sox	chicago|white|sox	Chicago|White|Sox	NNP|NNP|NNPS	ORGANIZATION|ORGANIZATION|ORGANIZATION	||				Chicago White Sox
55	0	fb:cell.bob_feller	Bob Feller	bob|feller	Bob|Feller	NNP|NNP	PERSON|PERSON	|				Bob Feller
55	1	fb:cell.1936_56	1936–56	1936|--|56	1936|--|56	CD|:|CD	DATE|O|NUMBER	1936||56.0	1936.0		56.0	1936–56
55	2	fb:cell._rapid_robert_or_the_heater_from_van_meter	"Rapid Robert" or "The Heater From Van Meter"	``|rapid|robert|''|or|``|the|heater|from|van|meter|''	``|rapid|Robert|''|or|``|the|heater|from|Van|meter|''	``|JJ|NNP|''|CC|``|DT|NN|IN|NNP|NN|''	O|O|O|O|O|O|O|O|O|O|O|O	|||||||||||				"Rapid Robert" or "The Heater From Van Meter"
55	3	fb:cell.cleveland_indians	Cleveland Indians	cleveland|indians	Cleveland|Indians	NNP|NNPS	ORGANIZATION|ORGANIZATION	|				Cleveland Indians
56	0	fb:cell.rollie_fingers	Rollie Fingers	rollie|fingers	Rollie|Fingers	NNP|NNP	PERSON|PERSON	|				Rollie Fingers
56	1	fb:cell.1968_85	1968–85	1968|--|85	1968|--|85	CD|:|CD	DATE|O|NUMBER	1968||85.0	1968.0		85.0	1968–85
56	2	fb:cell._rollie	"Rollie"	``|rollie|''	``|Rollie|''	``|NNP|''	O|O|O	||				"Rollie"
56	3	fb:cell.oakland_athletics	Oakland Athletics	oakland|athletics	Oakland|Athletics	NNP|NNP	ORGANIZATION|ORGANIZATION	|				Oakland Athletics
57	0	fb:cell.carlton_fisk	Carlton Fisk	carlton|fisk	Carlton|Fisk	NNP|NNP	PERSON|PERSON	|				Carlton Fisk
57	1	fb:cell.1969_93	1969–93	1969|--|93	1969|--|93	CD|:|CD	DATE|O|NUMBER	1969||93.0	1969.0		93.0	1969–93
57	2	fb:cell._pudge	"Pudge"	``|pudge|''	``|Pudge|''	``|NNP|''	O|O|O	||				"Pudge"
57	3	fb:cell.boston_red_sox	Boston Red Sox	boston|red|sox	Boston|Red|Sox	NNP|NNP|NNP	ORGANIZATION|ORGANIZATION|ORGANIZATION	||				Boston Red Sox
58	0	fb:cell.whitey_ford	Whitey Ford	whitey|ford	Whitey|Ford	NNP|NNP	PERSON|PERSON	|				Whitey Ford
58	1	fb:cell.1950_67	1950–67	1950|--|67	1950|--|67	CD|:|CD	DATE|O|NUMBER	1950||67.0	1950.0		67.0	1950–67
58	2	fb:cell._whitey_the_chairman_of_the_board_or_slick	"Whitey", "The Chairman of the Board", or "Slick""	``|whitey|''|,|``|the|chairman|of|the|board|''|,|or|``|slick|''|''	``|Whitey|''|,|``|the|chairman|of|the|board|''|,|or|``|slick|''|''	``|NNP|''|,|``|DT|NN|IN|DT|NN|''|,|CC|``|JJ|''|''	O|PERSON|O|O|O|O|O|O|O|O|O|O|O|O|O|O|O	||||||||||||||||				"Whitey"|"The Chairman of the Board"|or "Slick""
58	3	fb:cell.new_york_yankees	New York Yankees	new|york|yankees	New|York|Yankees	NNP|NNP|NNPS	ORGANIZATION|ORGANIZATION|ORGANIZATION	||				New York Yankees
59	0	fb:cell.rube_foster	Rube Foster	rube|foster	Rube|Foster	NNP|NNP	PERSON|PERSON	|				Rube Foster
59	1	fb:cell.1902_1926	1902–1926	1902|--|1926	1902|--|1926	CD|:|CD	DATE|O|DATE	1902||1926	1902.0		1926.0	1902–1926
59	2	fb:cell._rube	"Rube"	``|rube|''	``|Rube|''	``|NNP|''	O|O|O	||				"Rube"
59	3	fb:cell.chicago_american_giants	Chicago American Giants	chicago|american|giants	Chicago|American|Giants	NNP|NNP|NNPS	ORGANIZATION|ORGANIZATION|ORGANIZATION	||				Chicago American Giants
60	0	fb:cell.nellie_fox	Nellie Fox	nellie|fox	Nellie|Fox	NNP|NNP	PERSON|PERSON	|				Nellie Fox
60	1	fb:cell.1947_65	1947–65	1947|--|65	1947|--|65	CD|:|CD	DATE|O|NUMBER	1947||65.0	1947.0		65.0	1947–65
60	2	fb:cell._nellie_little_nel_or_the_mighty_mite	"Nellie", "Little Nel", or "The Mighty Mite"'	``|nellie|''|,|``|little|nel|''|,|or|``|the|mighty|mite|''|'	``|Nellie|''|,|``|little|nel|''|,|or|``|the|Mighty|mite|''|'	``|NNP|''|,|``|JJ|NN|''|,|CC|``|DT|NNP|JJ|''|''	O|O|O|O|O|O|O|O|O|O|O|O|O|O|O|O	|||||||||||||||				"Nellie"|"Little Nel"|or "The Mighty Mite"'
60	3	fb:cell.chicago_white_sox	Chicago White Sox	chicago|white|sox	Chicago|White|Sox	NNP|NNP|NNPS	ORGANIZATION|ORGANIZATION|ORGANIZATION	||				Chicago White Sox
61	0	fb:cell.jimmie_foxx	Jimmie Foxx	jimmie|foxx	Jimmie|Foxx	NNP|NNP	PERSON|PERSON	|				Jimmie Foxx
61	1	fb:cell.1925_45	1925–45	1925|--|45	1925|--|45	CD|:|CD	DATE|O|NUMBER	1925||45.0	1925.0		45.0	1925–45
61	2	fb:cell._beast_or_double_x	"Beast" or "Double X"	``|beast|''|or|``|double|x|''	``|beast|''|or|``|double|x|''	``|NN|''|CC|``|JJ|NN|''	O|O|O|O|O|O|O|O	|||||||				"Beast" or "Double X"
61	3	fb:cell.boston_red_sox	Boston Red Sox	boston|red|sox	Boston|Red|Sox	NNP|NNP|NNP	ORGANIZATION|ORGANIZATION|ORGANIZATION	||				Boston Red Sox
62	0	fb:cell.frankie_frisch	Frankie Frisch	frankie|frisch	Frankie|Frisch	NNP|NNP	PERSON|PERSON	|				Frankie Frisch
62	1	fb:cell.1919_37	1919–37	1919|--|37	1919|--|37	CD|:|CD	DATE|O|NUMBER	1919||37.0	1919.0		37.0	1919–37
62	2	fb:cell._the_fordham_flash	"The Fordham Flash"	``|the|fordham|flash|''	``|the|Fordham|flash|''	``|DT|NNP|NN|''	O|O|O|O|O	||||				"The Fordham Flash"
62	3	fb:cell.st_louis_cardinals	St. Louis Cardinals	st.|louis|cardinals	St.|Louis|Cardinals	NNP|NNP|NNPS	ORGANIZATION|ORGANIZATION|ORGANIZATION	||				St. Louis Cardinals
63	0	fb:cell.pud_galvin	Pud Galvin	pud|galvin	Pud|Galvin	NNP|NNP	PERSON|PERSON	|				Pud Galvin
63	1	fb:cell.1875_92	1875–92	1875|--|92	1875|--|92	CD|:|CD	DATE|O|NUMBER	1875||92.0	1875.0		92.0	1875–92
63	2	fb:cell._pud_gentle_jeems_or_the_little_steam_engine	"Pud", "Gentle Jeems", or "The Little Steam Engine"	``|pud|''|,|``|gentle|jeems|''|,|or|``|the|little|steam|engine|''	``|pud|''|,|``|gentle|jeem|''|,|or|``|the|little|steam|engine|''	``|NN|''|,|``|JJ|NNS|''|,|CC|``|DT|JJ|NN|NN|''	O|O|O|O|O|O|O|O|O|O|O|O|O|O|O|O	|||||||||||||||				"Pud"|"Gentle Jeems"|or "The Little Steam Engine"
63	3	fb:cell.buffalo_bisons	Buffalo Bisons	buffalo|bisons	Buffalo|Bisons	NNP|NNPS	ORGANIZATION|ORGANIZATION	|				Buffalo Bisons
64	0	fb:cell.lou_gehrig	Lou Gehrig	lou|gehrig	Lou|Gehrig	NNP|NNP	PERSON|PERSON	|				Lou Gehrig
64	1	fb:cell.1923_39	1923–39	1923|--|39	1923|--|39	CD|:|CD	DATE|O|NUMBER	1923||39.0	1923.0		39.0	1923–39
64	2	fb:cell._the_iron_horse_or_buster_or_biscuit_pants	"The Iron Horse or "Buster" or "Biscuit Pants"	``|the|iron|horse|or|``|buster|''|or|``|biscuit|pants|''	``|the|iron|horse|or|``|Buster|''|or|``|biscuit|pants|''	``|DT|NN|NN|CC|``|NNP|''|CC|``|NN|NNS|''	O|O|O|O|O|O|O|O|O|O|O|O|O	||||||||||||				"The Iron Horse or "Buster" or "Biscuit Pants"
64	3	fb:cell.new_york_yankees	New York Yankees	new|york|yankees	New|York|Yankees	NNP|NNP|NNPS	ORGANIZATION|ORGANIZATION|ORGANIZATION	||				New York Yankees
65	0	fb:cell.charlie_gehringer	Charlie Gehringer	charlie|gehringer	Charlie|Gehringer	NNP|NNP	PERSON|PERSON	|				Charlie Gehringer
65	1	fb:cell.1924_42	1924–42	1924|--|42	1924|--|42	CD|:|CD	DATE|O|NUMBER	1924||42.0	1924.0		42.0	1924–42
65	2	fb:cell._the_mechanical_man_and_one_of_detroit_s_g_men	"The Mechanical Man" and one of Detroit's "G-Men"	``|the|mechanical|man|''|and|one|of|detroit|'s|``|g|men|''	``|the|mechanical|man|''|and|one|of|Detroit|'s|``|G|man|''	``|DT|JJ|NN|''|CC|CD|IN|NNP|POS|``|NNP|NNS|''	O|O|O|O|O|O|NUMBER|O|LOCATION|O|O|O|O|O	||||||1.0|||||||				"The Mechanical Man" and one of Detroit's "G-Men"
65	3	fb:cell.detroit_tigers	Detroit Tigers	detroit|tigers	Detroit|Tigers	NNP|NNP	ORGANIZATION|ORGANIZATION	|				Detroit Tigers
66	0	fb:cell.bob_gibson	Bob Gibson	bob|gibson	Bob|Gibson	NNP|NNP	PERSON|PERSON	|				Bob Gibson
66	1	fb:cell.1959_75	1959–75	1959|--|75	1959|--|75	CD|:|CD	DATE|O|NUMBER	1959||75.0	1959.0		75.0	1959–75
66	2	fb:cell._hoot_or_gibby	"Hoot" or "Gibby"	``|hoot|''|or|``|gibby|''	``|Hoot|''|or|``|Gibby|''	``|NNP|''|CC|``|NNP|''	O|O|O|O|O|PERSON|O	||||||				"Hoot" or "Gibby"
66	3	fb:cell.st_louis_cardinals	St. Louis Cardinals	st.|louis|cardinals	St.|Louis|Cardinals	NNP|NNP|NNPS	ORGANIZATION|ORGANIZATION|ORGANIZATION	||				St. Louis Cardinals
67	0	fb:cell.lefty_gomez	Lefty Gomez	lefty|gomez	Lefty|Gomez	NNP|NNP	O|PERSON	|				Lefty Gomez
67	1	fb:cell.1930_43	1930–43	1930|--|43	1930|--|43	CD|:|CD	DATE|O|NUMBER	1930||43.0	1930.0		43.0	1930–43
67	2	fb:cell._lefty_or_goofy	"Lefty" or "Goofy"	``|lefty|''|or|``|goofy|''	``|Lefty|''|or|``|goofy|''	``|NNP|''|CC|``|JJ|''	O|O|O|O|O|O|O	||||||				"Lefty" or "Goofy"
67	3	fb:cell.new_york_yankees	New York Yankees	new|york|yankees	New|York|Yankees	NNP|NNP|NNPS	ORGANIZATION|ORGANIZATION|ORGANIZATION	||				New York Yankees
68	0	fb:cell.goose_goslin	Goose Goslin	goose|goslin	goose|Goslin	NN|NNP	PERSON|PERSON	|				Goose Goslin
68	1	fb:cell.1921_38	1921–38	1921|--|38	1921|--|38	CD|:|CD	DATE|O|NUMBER	1921||38.0	1921.0		38.0	1921–38
68	2	fb:cell._goose_and_one_of_detroit_s_g_men	"Goose" and one of Detroit's "G-Men"	``|goose|''|and|one|of|detroit|'s|``|g|men|''	``|goose|''|and|one|of|Detroit|'s|``|G|man|''	``|NN|''|CC|CD|IN|NNP|POS|``|NNP|NNS|''	O|O|O|O|NUMBER|O|LOCATION|O|O|O|O|O	||||1.0|||||||				"Goose" and one of Detroit's "G-Men"
68	3	fb:cell.washington_senators	Washington Senators	washington|senators	Washington|Senators	NNP|NNPS	LOCATION|O	|				Washington Senators
69	0	fb:cell.rich_gossage	Rich Gossage	rich|gossage	rich|gossage	JJ|NN	PERSON|PERSON	|				Rich Gossage
69	1	fb:cell.1972_94	1972-94	1972-94	1972-94	CD	NUMBER	1972.0 - 94.0	1972.0		94.0	1972-94
69	2	fb:cell._goose	"Goose"	``|goose|''	``|goose|''	``|NN|''	O|O|O	||				"Goose"
69	3	fb:cell.new_york_yankees	New York Yankees	new|york|yankees	New|York|Yankees	NNP|NNP|NNPS	ORGANIZATION|ORGANIZATION|ORGANIZATION	||				New York Yankees
70	0	fb:cell.hank_greenberg	Hank Greenberg	hank|greenberg	hank|Greenberg	NN|NNP	PERSON|PERSON	|				Hank Greenberg
70	1	fb:cell.1930_47	1930–47	1930|--|47	1930|--|47	CD|:|CD	DATE|O|NUMBER	1930||47.0	1930.0		47.0	1930–47
70	2	fb:cell._hammerin_hank_and_one_of_detroit_s_g_men	"Hammerin’ Hank" and one of Detroit's "G-Men"	``|hammerin|'|hank|''|and|one|of|detroit|'s|``|g|men|''	``|Hammerin|'|hank|''|and|one|of|Detroit|'s|``|G|man|''	``|NNP|''|NN|''|CC|CD|IN|NNP|POS|``|NNP|NNS|''	O|O|O|O|O|O|NUMBER|O|LOCATION|O|O|O|O|O	||||||1.0|||||||				"Hammerin’ Hank" and one of Detroit's "G-Men"
70	3	fb:cell.detroit_tigers	Detroit Tigers	detroit|tigers	Detroit|Tigers	NNP|NNP	ORGANIZATION|ORGANIZATION	|				Detroit Tigers
71	0	fb:cell.clark_griffith	Clark Griffith	clark|griffith	Clark|Griffith	NNP|NNP	PERSON|PERSON	|				Clark Griffith
71	1	fb:cell.1901_20	1901–20	1901|--|20	1901|--|20	CD|:|CD	DATE|O|NUMBER	1901||20.0	1901.0		20.0	1901–20
71	2	fb:cell._the_old_fox	"The Old Fox"	``|the|old|fox|''	``|the|old|Fox|''	``|DT|JJ|NNP|''	O|O|O|O|O	||||				"The Old Fox"
71	3	fb:cell.n_a	N/A	n/a	N/A	NNP	O					N|A
72	0	fb:cell.burleigh_grimes	Burleigh Grimes	burleigh|grimes	Burleigh|Grimes	NNP|NNP	PERSON|PERSON	|				Burleigh Grimes
72	1	fb:cell.1916_34	1916–34	1916|--|34	1916|--|34	CD|:|CD	DATE|O|NUMBER	1916||34.0	1916.0		34.0	1916–34
72	2	fb:cell._ol_stubblebeard	"Ol' Stubblebeard"	``|ol'|stubblebeard|''	``|ol'|stubblebeard|''	``|JJ|NN|''	O|O|O|O	|||				"Ol' Stubblebeard"
72	3	fb:cell.brooklyn_dodgers	Brooklyn Dodgers	brooklyn|dodgers	Brooklyn|Dodgers	NNP|NNPS	ORGANIZATION|ORGANIZATION	|				Brooklyn Dodgers
73	0	fb:cell.lefty_grove	Lefty Grove	lefty|grove	Lefty|Grove	NNP|NNP	O|PERSON	|				Lefty Grove
73	1	fb:cell.1925_41	1925–41	1925|--|41	1925|--|41	CD|:|CD	DATE|O|NUMBER	1925||41.0	1925.0		41.0	1925–41
73	2	fb:cell._lefty	"Lefty"	``|lefty|''	``|Lefty|''	``|NNP|''	O|O|O	||				"Lefty"
73	3	fb:cell.boston_red_sox	Boston Red Sox	boston|red|sox	Boston|Red|Sox	NNP|NNP|NNP	ORGANIZATION|ORGANIZATION|ORGANIZATION	||				Boston Red Sox
74	0	fb:cell.tony_gwynn	Tony Gwynn	tony|gwynn	Tony|Gwynn	NNP|NNP	PERSON|PERSON	|				Tony Gwynn
74	1	fb:cell.1982_2001	1982–2001	1982|--|2001	1982|--|2001	CD|:|CD	DATE|O|DATE	1982||2001	1982.0		2001.0	1982–2001
74	2	fb:cell._captain_video_or_mr_padre	"Captain Video" or "Mr. Padre"	``|captain|video|''|or|``|mr.|padre|''	``|captain|video|''|or|``|Mr.|Padre|''	``|NN|NN|''|CC|``|NNP|NNP|''	O|O|O|O|O|O|O|PERSON|O	||||||||				"Captain Video" or "Mr. Padre"
74	3	fb:cell.san_diego_padres	San Diego Padres	san|diego|padres	San|Diego|Padres	NNP|NNP|NNPS	ORGANIZATION|ORGANIZATION|ORGANIZATION	||				San Diego Padres
75	0	fb:cell.chick_hafey	Chick Hafey	chick|hafey	chick|Hafey	NN|NNP	PERSON|PERSON	|				Chick Hafey
75	1	fb:cell.1924_37	1924–37	1924|--|37	1924|--|37	CD|:|CD	DATE|O|NUMBER	1924||37.0	1924.0		37.0	1924–37
75	2	fb:cell._chick	"Chick"	``|chick|''	``|chick|''	``|NN|''	O|O|O	||				"Chick"
75	3	fb:cell.st_louis_cardinals	St. Louis Cardinals	st.|louis|cardinals	St.|Louis|Cardinals	NNP|NNP|NNPS	ORGANIZATION|ORGANIZATION|ORGANIZATION	||				St. Louis Cardinals
76	0	fb:cell.jesse_haines	Jesse Haines	jesse|haines	Jesse|Haines	NNP|NNP	PERSON|PERSON	|				Jesse Haines
76	1	fb:cell.1918_37	1918–37	1918|--|37	1918|--|37	CD|:|CD	DATE|O|NUMBER	1918||37.0	1918.0		37.0	1918–37
76	2	fb:cell._pop	"Pop"	``|pop|''	``|Pop|''	``|NNP|''	O|O|O	||				"Pop"
76	3	fb:cell.st_louis_cardinals	St. Louis Cardinals	st.|louis|cardinals	St.|Louis|Cardinals	NNP|NNP|NNPS	ORGANIZATION|ORGANIZATION|ORGANIZATION	||				St. Louis Cardinals
77	0	fb:cell.billy_hamilton	Billy Hamilton	billy|hamilton	Billy|Hamilton	NNP|NNP	PERSON|PERSON	|				Billy Hamilton
77	1	fb:cell.1888_1901	1888–1901	1888|--|1901	1888|--|1901	CD|:|CD	DATE|O|DATE	1888||1901	1888.0		1901.0	1888–1901
77	2	fb:cell._sliding_billy	"Sliding Billy"	``|sliding|billy|''	``|slide|Billy|''	``|VBG|NNP|''	O|O|O|O	|||				"Sliding Billy"
77	3	fb:cell.boston_beaneaters	Boston Beaneaters	boston|beaneaters	Boston|Beaneaters	NNP|NNPS	ORGANIZATION|ORGANIZATION	|				Boston Beaneaters
78	0	fb:cell.ned_hanlon	Ned Hanlon	ned|hanlon	Ned|Hanlon	NNP|NNP	PERSON|PERSON	|				Ned Hanlon
78	1	fb:cell.1880_1907	1880–1907	1880|--|1907	1880|--|1907	NNP|:|CD	DATE|O|DATE	1880||1907	1880.0		1907.0	1880–1907
78	2	fb:cell._ned	"Ned"	``|ned|''	``|Ned|''	``|NNP|''	O|O|O	||				"Ned"
78	3	fb:cell.baltimore_orioles_nl	Baltimore Orioles (NL)	baltimore|orioles|-lrb-|nl|-rrb-	Baltimore|Orioles|-lrb-|NL|-rrb-	NNP|NNP|-LRB-|NNP|-RRB-	ORGANIZATION|ORGANIZATION|O|ORGANIZATION|O	||||				Baltimore Orioles (NL)
79	0	fb:cell.bucky_harris	Bucky Harris	bucky|harris	Bucky|Harris	NNP|NNP	PERSON|PERSON	|				Bucky Harris
79	1	fb:cell.1919_56	1919–56	1919|--|56	1919|--|56	CD|:|CD	DATE|O|NUMBER	1919||56.0	1919.0		56.0	1919–56
79	2	fb:cell._bucky	"Bucky"	``|bucky|''	``|Bucky|''	``|NNP|''	O|PERSON|O	||				"Bucky"
79	3	fb:cell.washington_senators	Washington Senators	washington|senators	Washington|Senators	NNP|NNPS	LOCATION|O	|				Washington Senators
80	0	fb:cell.gabby_hartnett	Gabby Hartnett	gabby|hartnett	Gabby|Hartnett	NNP|NNP	PERSON|PERSON	|				Gabby Hartnett
80	1	fb:cell.1922_41	1922–41	1922|--|41	1922|--|41	CD|:|CD	DATE|O|NUMBER	1922||41.0	1922.0		41.0	1922–41
80	2	fb:cell._gabby_or_old_tomato_face	"Gabby" or "Old Tomato Face"	``|gabby|''|or|``|old|tomato|face|''	``|Gabby|''|or|``|old|tomato|face|''	``|NNP|''|CC|``|JJ|NN|NN|''	O|O|O|O|O|O|O|O|O	||||||||				"Gabby" or "Old Tomato Face"
80	3	fb:cell.chicago_cubs	Chicago Cubs	chicago|cubs	Chicago|Cubs	NNP|NNP	ORGANIZATION|ORGANIZATION	|				Chicago Cubs
81	0	fb:cell.harry_heilmann	Harry Heilmann	harry|heilmann	Harry|Heilmann	NNP|NNP	PERSON|PERSON	|				Harry Heilmann
81	1	fb:cell.1914_32	1914–32	1914|--|32	1914|--|32	CD|:|CD	DATE|O|NUMBER	1914||32.0	1914.0		32.0	1914–32
81	2	fb:cell._slug	"Slug"	``|slug|''	``|slug|''	``|NN|''	O|O|O	||				"Slug"
81	3	fb:cell.detroit_tigers	Detroit Tigers	detroit|tigers	Detroit|Tigers	NNP|NNP	ORGANIZATION|ORGANIZATION	|				Detroit Tigers
82	0	fb:cell.harry_hooper	Harry Hooper	harry|hooper	Harry|Hooper	NNP|NNP	PERSON|PERSON	|				Harry Hooper
82	1	fb:cell.1909_25	1909–25	1909|--|25	1909|--|25	CD|:|CD	DATE|O|NUMBER	1909||25.0	1909.0		25.0	1909–25
82	2	fb:cell._hoop	"Hoop"	``|hoop|''	``|hoop|''	``|NN|''	O|O|O	||				"Hoop"
82	3	fb:cell.boston_red_sox	Boston Red Sox	boston|red|sox	Boston|Red|Sox	NNP|NNP|NNP	ORGANIZATION|ORGANIZATION|ORGANIZATION	||				Boston Red Sox
83	0	fb:cell.rogers_hornsby	Rogers Hornsby	rogers|hornsby	Rogers|Hornsby	NNP|NNP	PERSON|PERSON	|				Rogers Hornsby
83	1	fb:cell.1915_37	1915–37	1915|--|37	1915|--|37	CD|:|CD	DATE|O|NUMBER	1915||37.0	1915.0		37.0	1915–37
83	2	fb:cell._rajah	"Rajah"	``|rajah|''	``|Rajah|''	``|NNP|''	O|O|O	||				"Rajah"
83	3	fb:cell.st_louis_cardinals	St. Louis Cardinals	st.|louis|cardinals	St.|Louis|Cardinals	NNP|NNP|NNPS	ORGANIZATION|ORGANIZATION|ORGANIZATION	||				St. Louis Cardinals
84	0	fb:cell.waite_hoyt	Waite Hoyt	waite|hoyt	Waite|Hoyt	NNP|NNP	PERSON|PERSON	|				Waite Hoyt
84	1	fb:cell.1918_38	1918–38	1918|--|38	1918|--|38	CD|:|CD	DATE|O|NUMBER	1918||38.0	1918.0		38.0	1918–38
84	2	fb:cell._schoolboy	"Schoolboy"	``|schoolboy|''	``|schoolboy|''	``|NN|''	O|O|O	||				"Schoolboy"
84	3	fb:cell.new_york_yankees	New York Yankees	new|york|yankees	New|York|Yankees	NNP|NNP|NNPS	ORGANIZATION|ORGANIZATION|ORGANIZATION	||				New York Yankees
85	0	fb:cell.carl_hubbell	Carl Hubbell	carl|hubbell	Carl|Hubbell	NNP|NNP	PERSON|PERSON	|				Carl Hubbell
85	1	fb:cell.1928_43	1928–43	1928|--|43	1928|--|43	CD|:|CD	DATE|O|NUMBER	1928||43.0	1928.0		43.0	1928–43
85	2	fb:cell._king_carl_or_the_meal_ticket	"King Carl" or "The Meal Ticket"	``|king|carl|''|or|``|the|meal|ticket|''	``|King|Carl|''|or|``|the|meal|ticket|''	``|NNP|NNP|''|CC|``|DT|NN|NN|''	O|O|PERSON|O|O|O|O|O|O|O	|||||||||				"King Carl" or "The Meal Ticket"
85	3	fb:cell.new_york_giants	New York Giants	new|york|giants	New|York|Giants	NNP|NNP|NNPS	ORGANIZATION|ORGANIZATION|ORGANIZATION	||				New York Giants
86	0	fb:cell.catfish_hunter	Catfish Hunter	catfish|hunter	catfish|hunter	NN|NN	O|O	|				Catfish Hunter
86	1	fb:cell.1965_79	1965–79	1965|--|79	1965|--|79	CD|:|CD	DATE|O|NUMBER	1965||79.0	1965.0		79.0	1965–79
86	2	fb:cell._catfish	"Catfish"	``|catfish|''	``|catfish|''	``|NN|''	O|O|O	||				"Catfish"
86	3	fb:cell.n_a	N/A	n/a	N/A	NNP	O					N|A
87	0	fb:cell.monte_irvin	Monte Irvin	monte|irvin	Monte|Irvin	NNP|NNP	PERSON|PERSON	|				Monte Irvin
87	1	fb:cell.1949_56	1949–56	1949|--|56	1949|--|56	CD|:|CD	DATE|O|NUMBER	1949||56.0	1949.0		56.0	1949–56
87	2	fb:cell._mr_murder	"Mr. Murder"	``|mr.|murder|''	``|Mr.|murder|''	``|NNP|NN|''	O|O|O|O	|||				"Mr. Murder"
87	3	fb:cell.newark_eagles	Newark Eagles	newark|eagles	Newark|Eagles	NNP|NNPS	ORGANIZATION|ORGANIZATION	|				Newark Eagles
88	0	fb:cell.reggie_jackson	Reggie Jackson	reggie|jackson	Reggie|Jackson	NNP|NNP	PERSON|PERSON	|				Reggie Jackson
88	1	fb:cell.1967_87	1967–87	1967|--|87	1967|--|87	CD|:|CD	DATE|O|NUMBER	1967||87.0	1967.0		87.0	1967–87
88	2	fb:cell._mr_october	"Mr. October"	``|mr.|october|''	``|Mr.|October|''	``|NNP|NNP|''	O|O|PERSON|O	|||				"Mr. October"
88	3	fb:cell.new_york_yankees	New York Yankees	new|york|yankees	New|York|Yankees	NNP|NNP|NNPS	ORGANIZATION|ORGANIZATION|ORGANIZATION	||				New York Yankees
89	0	fb:cell.travis_jackson	Travis Jackson	travis|jackson	Travis|Jackson	NNP|NNP	PERSON|PERSON	|				Travis Jackson
89	1	fb:cell.1922_36	1922–36	1922|--|36	1922|--|36	CD|:|CD	DATE|O|NUMBER	1922||36.0	1922.0		36.0	1922–36
89	2	fb:cell._stonewall	"Stonewall"	``|stonewall|''	``|Stonewall|''	``|NNP|''	O|O|O	||				"Stonewall"
89	3	fb:cell.new_york_giants	New York Giants	new|york|giants	New|York|Giants	NNP|NNP|NNPS	ORGANIZATION|ORGANIZATION|ORGANIZATION	||				New York Giants
90	0	fb:cell.ferguson_jenkins	Ferguson Jenkins	ferguson|jenkins	Ferguson|Jenkins	NNP|NNP	PERSON|PERSON	|				Ferguson Jenkins
90	1	fb:cell.1965_83	1965–83	1965|--|83	1965|--|83	CD|:|CD	DATE|O|NUMBER	1965||83.0	1965.0		83.0	1965–83
90	2	fb:cell._fly_or_fergie	"Fly" or "Fergie"	``|fly|''|or|``|fergie|''	``|fly|''|or|``|Fergie|''	``|VB|''|CC|``|NNP|''	O|O|O|O|O|O|O	||||||				"Fly" or "Fergie"
90	3	fb:cell.chicago_cubs	Chicago Cubs	chicago|cubs	Chicago|Cubs	NNP|NNP	ORGANIZATION|ORGANIZATION	|				Chicago Cubs
91	0	fb:cell.hughie_jennings	Hughie Jennings	hughie|jennings	Hughie|Jennings	NNP|NNP	PERSON|PERSON	|				Hughie Jennings
91	1	fb:cell.1891_1924	1891–1924	1891|--|1924	1891|--|1924	CD|:|CD	DATE|O|DATE	1891||1924	1891.0		1924.0	1891–1924
91	2	fb:cell._ee_yah	"Ee-Yah"	``|ee|yah|''	``|Ee|Yah|''	``|NNP|NNP|''	O|O|O|O	|||				"Ee-Yah"
91	3	fb:cell.baltimore_orioles_nl	Baltimore Orioles (NL)	baltimore|orioles|-lrb-|nl|-rrb-	Baltimore|Orioles|-lrb-|NL|-rrb-	NNP|NNP|-LRB-|NNP|-RRB-	ORGANIZATION|ORGANIZATION|O|ORGANIZATION|O	||||				Baltimore Orioles (NL)
92	0	fb:cell.ban_johnson	Ban Johnson	ban|johnson	ban|Johnson	NN|NNP	PERSON|PERSON	|				Ban Johnson
92	1	fb:cell.1900_1927	1900–1927	1900|--|1927	1900|--|1927	CD|:|CD	DATE|O|DATE	1900||1927	1900.0		1927.0	1900–1927
92	2	fb:cell._ban	"Ban"	``|ban|''	``|ban|''	``|NN|''	O|O|O	||				"Ban"
92	3	fb:cell.n_a	N/A	n/a	N/A	NNP	O					N|A
93	0	fb:cell.walter_johnson	Walter Johnson	walter|johnson	Walter|Johnson	NNP|NNP	PERSON|PERSON	|				Walter Johnson
93	1	fb:cell.1907_27	1907–27	1907|--|27	1907|--|27	CD|:|CD	DATE|O|NUMBER	1907||27.0	1907.0		27.0	1907–27
93	2	fb:cell._the_big_train_or_barney	"The Big Train" or "Barney"	``|the|big|train|''|or|``|barney|''	``|the|Big|Train|''|or|``|Barney|''	``|DT|NNP|NNP|''|CC|``|NNP|''	O|O|O|O|O|O|O|O|O	||||||||				"The Big Train" or "Barney"
93	3	fb:cell.washington_senators	Washington Senators	washington|senators	Washington|Senators	NNP|NNPS	LOCATION|O	|				Washington Senators
94	0	fb:cell.al_kaline	Al Kaline	al|kaline	Al|Kaline	NNP|NNP	PERSON|PERSON	|				Al Kaline
94	1	fb:cell.1953_74	1953–74	1953|--|74	1953|--|74	CD|:|CD	DATE|O|NUMBER	1953||74.0	1953.0		74.0	1953–74
94	2	fb:cell._salty_line_or_mr_tiger	"Salty", "Line", or "Mr. Tiger"	``|salty|''|,|``|line|''|,|or|``|mr.|tiger|''	``|Salty|''|,|``|line|''|,|or|``|Mr.|Tiger|''	``|NNP|''|,|``|NN|''|,|CC|``|NNP|NNP|''	O|O|O|O|O|O|O|O|O|O|O|PERSON|O	||||||||||||				"Salty"|"Line"|or "Mr. Tiger"
94	3	fb:cell.detroit_tigers	Detroit Tigers	detroit|tigers	Detroit|Tigers	NNP|NNP	ORGANIZATION|ORGANIZATION	|				Detroit Tigers
95	0	fb:cell.tim_keefe	Tim Keefe	tim|keefe	Tim|Keefe	NNP|NNP	PERSON|PERSON	|				Tim Keefe
95	1	fb:cell.1880_93	1880–93	1880|--|93	1880|--|93	NNP|:|CD	DATE|O|NUMBER	1880||93.0	1880.0		93.0	1880–93
95	2	fb:cell._smiling_tim_or_sir_timothy	"Smiling Tim" or "Sir Timothy"	``|smiling|tim|''|or|``|sir|timothy|''	``|smile|Tim|''|or|``|Sir|Timothy|''	``|VBG|NNP|''|CC|``|NNP|NNP|''	O|O|O|O|O|O|O|PERSON|O	||||||||				"Smiling Tim" or "Sir Timothy"
95	3	fb:cell.new_york_giants	New York Giants	new|york|giants	New|York|Giants	NNP|NNP|NNPS	ORGANIZATION|ORGANIZATION|ORGANIZATION	||				New York Giants
96	0	fb:cell.willie_keeler	Willie Keeler	willie|keeler	Willie|Keeler	NNP|NNP	PERSON|PERSON	|				Willie Keeler
96	1	fb:cell.1892_1910	1892–1910	1892|--|1910	1892|--|1910	CD|:|CD	DATE|O|DATE	1892||1910	1892.0		1910.0	1892–1910
96	2	fb:cell._wee_willie_or_hit_em_where_they_ain_t	"Wee Willie" or "Hit 'Em Where They Ain't"	``|wee|willie|''|or|``|hit|'em|where|they|ai|n't|''	``|Wee|Willie|''|or|``|hit|'em|where|they|be|not|''	``|NNP|NNP|''|CC|``|VBN|PRP|WRB|PRP|VBP|RB|''	O|O|O|O|O|O|O|O|O|O|O|O|O	||||||||||||				"Wee Willie" or "Hit 'Em Where They Ain't"
96	3	fb:cell.new_york_highlanders	New York Highlanders	new|york|highlanders	New|York|Highlanders	NNP|NNP|NNPS	LOCATION|LOCATION|O	||				New York Highlanders
97	0	fb:cell.george_kelly	George Kelly	george|kelly	George|Kelly	NNP|NNP	PERSON|PERSON	|				George Kelly
97	1	fb:cell.1915_32	1915–32	1915|--|32	1915|--|32	CD|:|CD	DATE|O|NUMBER	1915||32.0	1915.0		32.0	1915–32
97	2	fb:cell._highpockets	"Highpockets"	``|highpockets|''	``|highpocket|''	``|NNS|''	O|O|O	||				"Highpockets"
97	3	fb:cell.new_york_giants	New York Giants	new|york|giants	New|York|Giants	NNP|NNP|NNPS	ORGANIZATION|ORGANIZATION|ORGANIZATION	||				New York Giants
98	0	fb:cell.king_kelly	King Kelly	king|kelly	King|Kelly	NNP|NNP	PERSON|PERSON	|				King Kelly
98	1	fb:cell.1878_93	1878–93	1878|--|93	1878|--|93	CD|:|CD	DATE|O|NUMBER	1878||93.0	1878.0		93.0	1878–93
98	2	fb:cell._honest_joe_or_king	"Honest Joe" or "King"	``|honest|joe|''|or|``|king|''	``|honest|Joe|''|or|``|King|''	``|JJ|NNP|''|CC|``|NNP|''	O|O|O|O|O|O|O|O	|||||||				"Honest Joe" or "King"
98	3	fb:cell.chicago_white_stockings	Chicago White Stockings	chicago|white|stockings	Chicago|White|stocking	NNP|NNP|NNS	LOCATION|O|O	||				Chicago White Stockings
99	0	fb:cell.harmon_killebrew	Harmon Killebrew	harmon|killebrew	Harmon|Killebrew	NNP|NNP	PERSON|PERSON	|				Harmon Killebrew
99	1	fb:cell.1954_75	1954–75	1954|--|75	1954|--|75	CD|:|CD	DATE|O|NUMBER	1954||75.0	1954.0		75.0	1954–75
99	2	fb:cell._killer	"Killer"	``|killer|''	``|killer|''	``|NN|''	O|O|O	||				"Killer"
99	3	fb:cell.minnesota_twins	Minnesota Twins	minnesota|twins	Minnesota|Twins	NNP|NNP	ORGANIZATION|ORGANIZATION	|				Minnesota Twins
100	0	fb:cell.chuck_klein	Chuck Klein	chuck|klein	Chuck|Klein	NNP|NNP	PERSON|PERSON	|				Chuck Klein
100	1	fb:cell.1928_44	1928–44	1928|--|44	1928|--|44	CD|:|CD	DATE|O|NUMBER	1928||44.0	1928.0		44.0	1928–44
100	2	fb:cell._the_hoosier_hammerer	"The Hoosier Hammerer"	``|the|hoosier|hammerer|''	``|the|Hoosier|Hammerer|''	``|DT|NNP|NNP|''	O|O|O|O|O	||||				"The Hoosier Hammerer"
100	3	fb:cell.philadelphia_phillies	Philadelphia Phillies	philadelphia|phillies	Philadelphia|Phillies	NNP|NNPS	ORGANIZATION|ORGANIZATION	|				Philadelphia Phillies
101	0	fb:cell.nap_lajoie	Nap Lajoie	nap|lajoie	Nap|Lajoie	NNP|NNP	PERSON|PERSON	|				Nap Lajoie
101	1	fb:cell.1896_1916	1896–1916	1896|--|1916	1896|--|1916	CD|:|CD	DATE|O|DATE	1896||1916	1896.0		1916.0	1896–1916
101	2	fb:cell._larry_or_poli_or_nap	"Larry" or "Poli" or "Nap"	``|larry|''|or|``|poli|''|or|``|nap|''	``|Larry|''|or|``|polus|''|or|``|nap|''	``|NNP|''|CC|``|NNS|''|CC|``|NN|''	O|PERSON|O|O|O|O|O|O|O|O|O	||||||||||				"Larry" or "Poli" or "Nap"
101	3	fb:cell.cleveland_indians	Cleveland Indians	cleveland|indians	Cleveland|Indians	NNP|NNPS	ORGANIZATION|ORGANIZATION	|				Cleveland Indians
102	0	fb:cell.tony_lazzeri	Tony Lazzeri	tony|lazzeri	Tony|Lazzeri	NNP|NNP	PERSON|PERSON	|				Tony Lazzeri
102	1	fb:cell.1926_39	1926–39	1926|--|39	1926|--|39	CD|:|CD	DATE|O|NUMBER	1926||39.0	1926.0		39.0	1926–39
102	2	fb:cell._poosh_em_up_tony	"Poosh 'Em Up Tony"	``|poosh|'em|up|tony|''	``|Poosh|'Em|up|Tony|''	``|NNP|NNP|IN|NNP|''	O|O|O|O|PERSON|O	|||||				"Poosh 'Em Up Tony"
102	3	fb:cell.new_york_yankees	New York Yankees	new|york|yankees	New|York|Yankees	NNP|NNP|NNPS	ORGANIZATION|ORGANIZATION|ORGANIZATION	||				New York Yankees
103	0	fb:cell.buck_leonard	Buck Leonard	buck|leonard	Buck|Leonard	NNP|NNP	PERSON|PERSON	|				Buck Leonard
103	1	fb:cell.1933_1950	1933–1950	1933|--|1950	1933|--|1950	CD|:|CD	DATE|O|DATE	1933||1950	1933.0		1950.0	1933–1950
103	2	fb:cell._buck	"Buck"	``|buck|''	``|Buck|''	``|NNP|''	O|O|O	||				"Buck"
103	3	fb:cell.homestead_grays	Homestead Grays	homestead|grays	homestead|gray	NN|NNS	O|O	|				Homestead Grays
104	0	fb:cell.freddie_lindstrom	Freddie Lindstrom	freddie|lindstrom	Freddie|Lindstrom	NNP|NNP	PERSON|PERSON	|				Freddie Lindstrom
104	1	fb:cell.1924_36	1924–36	1924|--|36	1924|--|36	CD|:|CD	DATE|O|NUMBER	1924||36.0	1924.0		36.0	1924–36
104	2	fb:cell._lindy	"Lindy"	``|lindy|''	``|Lindy|''	``|NNP|''	O|PERSON|O	||				"Lindy"
104	3	fb:cell.new_york_giants	New York Giants	new|york|giants	New|York|Giants	NNP|NNP|NNPS	ORGANIZATION|ORGANIZATION|ORGANIZATION	||				New York Giants
105	0	fb:cell.pop_lloyd	Pop Lloyd	pop|lloyd	Pop|Lloyd	NNP|NNP	PERSON|PERSON	|				Pop Lloyd
105	1	fb:cell.1906_1932	1906–1932	1906|--|1932	1906|--|1932	CD|:|CD	DATE|O|DATE	1906||1932	1906.0		1932.0	1906–1932
105	2	fb:cell._pop	"Pop"	``|pop|''	``|Pop|''	``|NNP|''	O|O|O	||				"Pop"
105	3	fb:cell.new_york_lincoln_giants	New York Lincoln Giants	new|york|lincoln|giants	New|York|Lincoln|Giants	NNP|NNP|NNP|NNPS	ORGANIZATION|ORGANIZATION|ORGANIZATION|ORGANIZATION	|||				New York Lincoln Giants
106	0	fb:cell.ernie_lombardi	Ernie Lombardi	ernie|lombardi	Ernie|Lombardi	NNP|NNP	PERSON|PERSON	|				Ernie Lombardi
106	1	fb:cell.1931_47	1931–47	1931|--|47	1931|--|47	CD|:|CD	DATE|O|NUMBER	1931||47.0	1931.0		47.0	1931–47
106	2	fb:cell._bocci_or_schnozz	"Bocci" or "Schnozz"	``|bocci|''|or|``|schnozz|''	``|boccus|''|or|``|schnozz|''	``|NN|''|CC|``|NN|''	O|O|O|O|O|O|O	||||||				"Bocci" or "Schnozz"
106	3	fb:cell.cincinnati_reds	Cincinnati Reds	cincinnati|reds	Cincinnati|Reds	NNP|NNP	ORGANIZATION|ORGANIZATION	|				Cincinnati Reds
107	0	fb:cell.ted_lyons	Ted Lyons	ted|lyons	Ted|Lyons	NNP|NNP	PERSON|PERSON	|				Ted Lyons
107	1	fb:cell.1923_46	1923–46	1923|--|46	1923|--|46	CD|:|CD	DATE|O|NUMBER	1923||46.0	1923.0		46.0	1923–46
107	2	fb:cell._sunday_teddy	"Sunday Teddy"	``|sunday|teddy|''	``|Sunday|Teddy|''	``|NNP|NNP|''	O|DATE|O|O	|XXXX-WXX-7||				"Sunday Teddy"
107	3	fb:cell.chicago_white_sox	Chicago White Sox	chicago|white|sox	Chicago|White|Sox	NNP|NNP|NNPS	ORGANIZATION|ORGANIZATION|ORGANIZATION	||				Chicago White Sox
108	0	fb:cell.connie_mack	Connie Mack	connie|mack	Connie|Mack	NNP|NNP	PERSON|PERSON	|				Connie Mack
108	1	fb:cell.1894_1950	1894–1950	1894|--|1950	1894|--|1950	CD|:|CD	DATE|O|DATE	1894||1950	1894.0		1950.0	1894–1950
108	2	fb:cell._connie_mr_baseball_or_the_tall_tactician	"Connie", "Mr. Baseball", or "The Tall Tactician"	``|connie|''|,|``|mr.|baseball|''|,|or|``|the|tall|tactician|''	``|Connie|''|,|``|Mr.|Baseball|''|,|or|``|the|tall|tactician|''	``|NNP|''|,|``|NNP|NNP|''|,|CC|``|DT|JJ|NN|''	O|O|O|O|O|O|O|O|O|O|O|O|O|O|O	||||||||||||||				"Connie"|"Mr. Baseball"|or "The Tall Tactician"
108	3	fb:cell.philadelphia_athletics	Philadelphia Athletics	philadelphia|athletics	Philadelphia|Athletics	NNP|NNP	ORGANIZATION|ORGANIZATION	|				Philadelphia Athletics
109	0	fb:cell.mickey_mantle	Mickey Mantle	mickey|mantle	Mickey|Mantle	NNP|NNP	PERSON|PERSON	|				Mickey Mantle
109	1	fb:cell.1951_68	1951–68	1951|--|68	1951|--|68	CD|:|CD	DATE|O|NUMBER	1951||68.0	1951.0		68.0	1951–68
109	2	fb:cell._the_mick_the_commerce_comet_or_muscles	"The Mick", "The Commerce Comet", or "Muscles"	``|the|mick|''|,|``|the|commerce|comet|''|,|or|``|muscles|''	``|the|Mick|''|,|``|the|Commerce|Comet|''|,|or|``|muscle|''	``|DT|NNP|''|,|``|DT|NNP|NNP|''|,|CC|``|NNS|''	O|O|O|O|O|O|O|O|O|O|O|O|O|O|O	||||||||||||||				"The Mick"|"The Commerce Comet"|or "Muscles"
109	3	fb:cell.new_york_yankees	New York Yankees	new|york|yankees	New|York|Yankees	NNP|NNP|NNPS	ORGANIZATION|ORGANIZATION|ORGANIZATION	||				New York Yankees
110	0	fb:cell.heinie_manush	Heinie Manush	heinie|manush	Heinie|Manush	NNP|NNP	PERSON|PERSON	|				Heinie Manush
110	1	fb:cell.1923_39	1923–39	1923|--|39	1923|--|39	CD|:|CD	DATE|O|NUMBER	1923||39.0	1923.0		39.0	1923–39
110	2	fb:cell._heinie	"Heinie"	``|heinie|''	``|Heinie|''	``|NNP|''	O|PERSON|O	||				"Heinie"
110	3	fb:cell.washington_senators	Washington Senators	washington|senators	Washington|Senators	NNP|NNPS	LOCATION|O	|				Washington Senators
111	0	fb:cell.rabbit_maranville	Rabbit Maranville	rabbit|maranville	rabbit|Maranville	NN|NNP	PERSON|PERSON	|				Rabbit Maranville
111	1	fb:cell.1912_35	1912–35	1912|--|35	1912|--|35	CD|:|CD	DATE|O|NUMBER	1912||35.0	1912.0		35.0	1912–35
111	2	fb:cell._rabbit	"Rabbit"	``|rabbit|''	``|rabbit|''	``|NN|''	O|O|O	||				"Rabbit"
111	3	fb:cell.boston_braves	Boston Braves	boston|braves	Boston|Braves	NNP|NNPS	ORGANIZATION|ORGANIZATION	|				Boston Braves
112	0	fb:cell.juan_marichal	Juan Marichal	juan|marichal	Juan|Marichal	NNP|NNP	PERSON|PERSON	|				Juan Marichal
112	1	fb:cell.1960_75	1960–75	1960|--|75	1960|--|75	CD|:|CD	DATE|O|NUMBER	1960||75.0	1960.0		75.0	1960–75
112	2	fb:cell._manito_mar_or_the_dominican_dandy	"Manito", "Mar", or "The Dominican Dandy"	``|manito|''|,|``|mar|''|,|or|``|the|dominican|dandy|''	``|Manito|''|,|``|Mar|''|,|or|``|the|Dominican|dandy|''	``|NNP|''|,|``|NNP|''|,|CC|``|DT|NNP|JJ|''	O|O|O|O|O|DATE|O|O|O|O|O|MISC|O|O	|||||XXXX-03||||||||				"Manito"|"Mar"|or "The Dominican Dandy"
112	3	fb:cell.san_francisco_giants	San Francisco Giants	san|francisco|giants	San|Francisco|Giants	NNP|NNP|NNPS	ORGANIZATION|ORGANIZATION|ORGANIZATION	||				San Francisco Giants
113	0	fb:cell.rube_marquard	Rube Marquard	rube|marquard	Rube|Marquard	NNP|NNP	PERSON|PERSON	|				Rube Marquard
113	1	fb:cell.1908_25	1908–25	1908|--|25	1908|--|25	CD|:|CD	DATE|O|NUMBER	1908||25.0	1908.0		25.0	1908–25
113	2	fb:cell._rube	"Rube"	``|rube|''	``|Rube|''	``|NNP|''	O|O|O	||				"Rube"
113	3	fb:cell.new_york_giants	New York Giants	new|york|giants	New|York|Giants	NNP|NNP|NNPS	ORGANIZATION|ORGANIZATION|ORGANIZATION	||				New York Giants
114	0	fb:cell.christy_mathewson	Christy Mathewson	christy|mathewson	Christy|Mathewson	NNP|NNP	PERSON|PERSON	|				Christy Mathewson
114	1	fb:cell.1900_16	1900–16	1900|--|16	1900|--|16	CD|:|CD	DATE|O|NUMBER	1900||16.0	1900.0		16.0	1900–16
114	2	fb:cell._big_six_matty_or_the_christian_gentleman	"Big Six", "Matty", or "The Christian Gentleman"	``|big|six|''|,|``|matty|''|,|or|``|the|christian|gentleman|''	``|big|six|''|,|``|Matty|''|,|or|``|the|Christian|gentleman|''	``|JJ|CD|''|,|``|NNP|''|,|CC|``|DT|NNP|NN|''	O|O|NUMBER|O|O|O|O|O|O|O|O|O|MISC|O|O	||6.0||||||||||||				"Big Six"|"Matty"|or "The Christian Gentleman"
114	3	fb:cell.new_york_giants	New York Giants	new|york|giants	New|York|Giants	NNP|NNP|NNPS	ORGANIZATION|ORGANIZATION|ORGANIZATION	||				New York Giants
115	0	fb:cell.willie_mays	Willie Mays	willie|mays	Willie|Mays	NNP|NNP	PERSON|PERSON	|				Willie Mays
115	1	fb:cell.1951_73	1951–73	1951|--|73	1951|--|73	CD|:|CD	DATE|O|NUMBER	1951||73.0	1951.0		73.0	1951–73
115	2	fb:cell._the_say_hey_kid	"The Say Hey Kid"	``|the|say|hey|kid|''	``|the|say|hey|kid|''	``|DT|VBP|UH|NN|''	O|O|O|O|O|O	|||||				"The Say Hey Kid"
115	3	fb:cell.san_francisco_giants	San Francisco Giants	san|francisco|giants	San|Francisco|Giants	NNP|NNP|NNPS	ORGANIZATION|ORGANIZATION|ORGANIZATION	||				San Francisco Giants
116	0	fb:cell.bill_mazeroski	Bill Mazeroski	bill|mazeroski	Bill|Mazeroski	NNP|NNP	PERSON|PERSON	|				Bill Mazeroski
116	1	fb:cell.1956_72	1956–72	1956|--|72	1956|--|72	CD|:|CD	DATE|O|NUMBER	1956||72.0	1956.0		72.0	1956–72
116	2	fb:cell._maz	"Maz"	``|maz|''	``|maz|''	``|NN|''	O|O|O	||				"Maz"
116	3	fb:cell.pittsburgh_pirates	Pittsburgh Pirates	pittsburgh|pirates	Pittsburgh|pirate	NNP|NNS	ORGANIZATION|ORGANIZATION	|				Pittsburgh Pirates
117	0	fb:cell.joe_mccarthy	Joe McCarthy	joe|mccarthy	Joe|McCarthy	NNP|NNP	PERSON|PERSON	|				Joe McCarthy
117	1	fb:cell.1926_50	1926–50	1926|--|50	1926|--|50	CD|:|CD	DATE|O|NUMBER	1926||50.0	1926.0		50.0	1926–50
117	2	fb:cell._marse_joe	"Marse Joe"	``|marse|joe|''	``|Marse|Joe|''	``|NNP|NNP|''	O|PERSON|PERSON|O	|||				"Marse Joe"
117	3	fb:cell.new_york_yankees	New York Yankees	new|york|yankees	New|York|Yankees	NNP|NNP|NNPS	ORGANIZATION|ORGANIZATION|ORGANIZATION	||				New York Yankees
118	0	fb:cell.willie_mccovey	Willie McCovey	willie|mccovey	Willie|McCovey	NNP|NNP	PERSON|PERSON	|				Willie McCovey
118	1	fb:cell.1959_80	1959–80	1959|--|80	1959|--|80	CD|:|CD	DATE|O|NUMBER	1959||80.0	1959.0		80.0	1959–80
118	2	fb:cell._stretch_mac_or_big_mac	"Stretch", "Mac", or "Big Mac"	``|stretch|''|,|``|mac|''|,|or|``|big|mac|''	``|stretch|''|,|``|Mac|''|,|or|``|big|Mac|''	``|NN|''|,|``|NNP|''|,|CC|``|JJ|NNP|''	O|O|O|O|O|O|O|O|O|O|O|O|O	||||||||||||				"Stretch"|"Mac"|or "Big Mac"
118	3	fb:cell.san_francisco_giants	San Francisco Giants	san|francisco|giants	San|Francisco|Giants	NNP|NNP|NNPS	ORGANIZATION|ORGANIZATION|ORGANIZATION	||				San Francisco Giants
119	0	fb:cell.joe_mcginnity	Joe McGinnity	joe|mcginnity	Joe|McGinnity	NNP|NNP	PERSON|PERSON	|				Joe McGinnity
119	1	fb:cell.1899_1908	1899–1908	1899|--|1908	1899|--|1908	CD|:|CD	DATE|O|DATE	1899||1908	1899.0		1908.0	1899–1908
119	2	fb:cell._iron_man	"Iron Man"	``|iron|man|''	``|Iron|Man|''	``|NNP|NNP|''	O|O|O|O	|||				"Iron Man"
119	3	fb:cell.new_york_giants	New York Giants	new|york|giants	New|York|Giants	NNP|NNP|NNPS	ORGANIZATION|ORGANIZATION|ORGANIZATION	||				New York Giants
120	0	fb:cell.bill_mcgowan	Bill McGowan	bill|mcgowan	Bill|McGowan	NNP|NNP	PERSON|PERSON	|				Bill McGowan
120	1	fb:cell.1925_1954	1925–1954	1925|--|1954	1925|--|1954	CD|:|CD	DATE|O|DATE	1925||1954	1925.0		1954.0	1925–1954
120	2	fb:cell._little_joe_chest	"Little Joe Chest"	``|little|joe|chest|''	``|little|Joe|chest|''	``|JJ|NNP|NN|''	O|O|O|O|O	||||				"Little Joe Chest"
120	3	fb:cell.n_a	N/A	n/a	N/A	NNP	O					N|A
121	0	fb:cell.john_mcgraw	John McGraw	john|mcgraw	John|McGraw	NNP|NNP	PERSON|PERSON	|				John McGraw
121	1	fb:cell.1899_1932	1899–1932	1899|--|1932	1899|--|1932	CD|:|CD	DATE|O|DATE	1899||1932	1899.0		1932.0	1899–1932
121	2	fb:cell._little_napoleon_or_mugsy	"Little Napoleon" or "Mugsy"	``|little|napoleon|''|or|``|mugsy|''	``|little|Napoleon|''|or|``|Mugsy|''	``|JJ|NNP|''|CC|``|NNP|''	O|O|O|O|O|O|O|O	|||||||				"Little Napoleon" or "Mugsy"
121	3	fb:cell.new_york_giants	New York Giants	new|york|giants	New|York|Giants	NNP|NNP|NNPS	ORGANIZATION|ORGANIZATION|ORGANIZATION	||				New York Giants
122	0	fb:cell.bid_mcphee	Bid McPhee	bid|mcphee	bid|mcphee	NN|NN	O|PERSON	|				Bid McPhee
122	1	fb:cell.1882_99	1882–99	1882|--|99	1882|--|99	CD|:|CD	DATE|O|NUMBER	1882||99.0	1882.0		99.0	1882–99
122	2	fb:cell._bid	"Bid"	``|bid|''	``|bid|''	``|NN|''	O|O|O	||				"Bid"
122	3	fb:cell.cincinnati_red_stockings	Cincinnati Red Stockings	cincinnati|red|stockings	Cincinnati|Red|stocking	NNP|NNP|NNS	LOCATION|O|O	||				Cincinnati Red Stockings
123	0	fb:cell.joe_medwick	Joe Medwick	joe|medwick	Joe|Medwick	NNP|NNP	PERSON|PERSON	|				Joe Medwick
123	1	fb:cell.1932_48	1932–48	1932|--|48	1932|--|48	CD|:|CD	DATE|O|NUMBER	1932||48.0	1932.0		48.0	1932–48
123	2	fb:cell._ducky_or_ducky_wucky	"Ducky" or "Ducky Wucky"	``|ducky|''|or|``|ducky|wucky|''	``|Ducky|''|or|``|Ducky|Wucky|''	``|NNP|''|CC|``|NNP|NNP|''	O|O|O|O|O|O|O|O	|||||||				"Ducky" or "Ducky Wucky"
123	3	fb:cell.st_louis_cardinals	St. Louis Cardinals	st.|louis|cardinals	St.|Louis|Cardinals	NNP|NNP|NNPS	ORGANIZATION|ORGANIZATION|ORGANIZATION	||				St. Louis Cardinals
124	0	fb:cell.johnny_mize	Johnny Mize	johnny|mize	Johnny|Mize	NNP|NNP	PERSON|PERSON	|				Johnny Mize
124	1	fb:cell.1936_53	1936–53	1936|--|53	1936|--|53	CD|:|CD	DATE|O|NUMBER	1936||53.0	1936.0		53.0	1936–53
124	2	fb:cell._the_big_cat	"The Big Cat"	``|the|big|cat|''	``|the|big|cat|''	``|DT|JJ|NN|''	O|O|O|O|O	||||				"The Big Cat"
124	3	fb:cell.st_louis_cardinals	St. Louis Cardinals	st.|louis|cardinals	St.|Louis|Cardinals	NNP|NNP|NNPS	ORGANIZATION|ORGANIZATION|ORGANIZATION	||				St. Louis Cardinals
125	0	fb:cell.paul_molitor	Paul Molitor	paul|molitor	Paul|Molitor	NNP|NNP	PERSON|PERSON	|				Paul Molitor
125	1	fb:cell.1978_98	1978–98	1978|--|98	1978|--|98	CD|:|CD	DATE|O|NUMBER	1978||98.0	1978.0		98.0	1978–98
125	2	fb:cell._the_ignitor_or_molly	"The Ignitor" or "Molly"	``|the|ignitor|''|or|``|molly|''	``|the|ignitor|''|or|``|Molly|''	``|DT|NN|''|CC|``|NNP|''	O|O|O|O|O|O|O|O	|||||||				"The Ignitor" or "Molly"
125	3	fb:cell.milwaukee_brewers	Milwaukee Brewers	milwaukee|brewers	Milwaukee|brewer	NNP|NNS	ORGANIZATION|ORGANIZATION	|				Milwaukee Brewers
126	0	fb:cell.joe_morgan	Joe Morgan	joe|morgan	Joe|Morgan	NNP|NNP	PERSON|PERSON	|				Joe Morgan
126	1	fb:cell.1963_84	1963–84	1963|--|84	1963|--|84	CD|:|CD	DATE|O|NUMBER	1963||84.0	1963.0		84.0	1963–84
126	2	fb:cell._little_joe	"Little Joe"	``|little|joe|''	``|little|Joe|''	``|JJ|NNP|''	O|O|O|O	|||				"Little Joe"
126	3	fb:cell.cincinnati_reds	Cincinnati Reds	cincinnati|reds	Cincinnati|Reds	NNP|NNP	ORGANIZATION|ORGANIZATION	|				Cincinnati Reds
127	0	fb:cell.eddie_murray	Eddie Murray	eddie|murray	Eddie|Murray	NNP|NNP	PERSON|PERSON	|				Eddie Murray
127	1	fb:cell.1977_97	1977–97	1977|--|97	1977|--|97	CD|:|CD	DATE|O|NUMBER	1977||97.0	1977.0		97.0	1977–97
127	2	fb:cell._steady_eddie	"Steady Eddie"	``|steady|eddie|''	``|steady|Eddie|''	``|JJ|NNP|''	O|O|O|O	|||				"Steady Eddie"
127	3	fb:cell.baltimore_orioles	Baltimore Orioles	baltimore|orioles	Baltimore|Orioles	NNP|NNP	ORGANIZATION|ORGANIZATION	|				Baltimore Orioles
128	0	fb:cell.stan_musial	Stan Musial	stan|musial	Stan|Musial	NNP|NNP	PERSON|PERSON	|				Stan Musial
128	1	fb:cell.1941_63	1941–63	1941|--|63	1941|--|63	CD|:|CD	DATE|O|NUMBER	1941||63.0	1941.0		63.0	1941–63
128	2	fb:cell._stan_the_man	"Stan the Man"	``|stan|the|man|''	``|Stan|the|man|''	``|NNP|DT|NN|''	O|PERSON|O|O|O	||||				"Stan the Man"
128	3	fb:cell.st_louis_cardinals	St. Louis Cardinals	st.|louis|cardinals	St.|Louis|Cardinals	NNP|NNP|NNPS	ORGANIZATION|ORGANIZATION|ORGANIZATION	||				St. Louis Cardinals
129	0	fb:cell.hal_newhouser	Hal Newhouser	hal|newhouser	Hal|Newhouser	NNP|NNP	PERSON|PERSON	|				Hal Newhouser
129	1	fb:cell.1939_55	1939–55	1939|--|55	1939|--|55	CD|:|CD	DATE|O|NUMBER	1939||55.0	1939.0		55.0	1939–55
129	2	fb:cell._prince_hal	"Prince Hal"	``|prince|hal|''	``|Prince|Hal|''	``|NNP|NNP|''	O|PERSON|PERSON|O	|||				"Prince Hal"
129	3	fb:cell.detroit_tigers	Detroit Tigers	detroit|tigers	Detroit|Tigers	NNP|NNP	ORGANIZATION|ORGANIZATION	|				Detroit Tigers
130	0	fb:cell.kid_nichols	Kid Nichols	kid|nichols	Kid|Nichols	NNP|NNP	O|PERSON	|				Kid Nichols
130	1	fb:cell.1890_1906	1890–1906	1890|--|1906	1890|--|1906	CD|:|CD	DATE|O|DATE	1890||1906	1890.0		1906.0	1890–1906
130	2	fb:cell._kid	"Kid"	``|kid|''	``|kid|''	``|NN|''	O|O|O	||				"Kid"
130	3	fb:cell.boston_beaneaters	Boston Beaneaters	boston|beaneaters	Boston|Beaneaters	NNP|NNPS	ORGANIZATION|ORGANIZATION	|				Boston Beaneaters
131	0	fb:cell.phil_niekro	Phil Niekro	phil|niekro	Phil|Niekro	NNP|NNP	PERSON|PERSON	|				Phil Niekro
131	1	fb:cell.1964_87	1964–87	1964|--|87	1964|--|87	CD|:|CD	DATE|O|NUMBER	1964||87.0	1964.0		87.0	1964–87
131	2	fb:cell._knucksie	"Knucksie"	``|knucksie|''	``|Knucksie|''	``|NNP|''	O|PERSON|O	||				"Knucksie"
131	3	fb:cell.atlanta_braves	Atlanta Braves	atlanta|braves	Atlanta|Braves	NNP|NNPS	ORGANIZATION|ORGANIZATION	|				Atlanta Braves
132	0	fb:cell.jim_o_rourke	Jim O'Rourke	jim|o'rourke	Jim|O'Rourke	NNP|NNP	PERSON|PERSON	|				Jim O'Rourke
132	1	fb:cell.1872_1904	1872–1904	1872|--|1904	1872|--|1904	CD|:|CD	DATE|O|DATE	1872||1904	1872.0		1904.0	1872–1904
132	2	fb:cell._orator_jim	"Orator Jim"	``|orator|jim|''	``|orator|Jim|''	``|NN|NNP|''	O|O|PERSON|O	|||				"Orator Jim"
132	3	fb:cell.new_york_giants	New York Giants	new|york|giants	New|York|Giants	NNP|NNP|NNPS	ORGANIZATION|ORGANIZATION|ORGANIZATION	||				New York Giants
133	0	fb:cell.mel_ott	Mel Ott	mel|ott	Mel|Ott	NNP|NNP	PERSON|PERSON	|				Mel Ott
133	1	fb:cell.1926_47	1926–47	1926|--|47	1926|--|47	CD|:|CD	DATE|O|NUMBER	1926||47.0	1926.0		47.0	1926–47
133	2	fb:cell._master_melvin	"Master Melvin"	``|master|melvin|''	``|master|Melvin|''	``|NN|NNP|''	O|O|O|O	|||				"Master Melvin"
133	3	fb:cell.new_york_giants	New York Giants	new|york|giants	New|York|Giants	NNP|NNP|NNPS	ORGANIZATION|ORGANIZATION|ORGANIZATION	||				New York Giants
134	0	fb:cell.satchel_paige	Satchel Paige	satchel|paige	Satchel|Paige	NNP|NNP	PERSON|PERSON	|				Satchel Paige
134	1	fb:cell.1948_53	1948–53	1948|--|53	1948|--|53	CD|:|CD	DATE|O|NUMBER	1948||53.0	1948.0		53.0	1948–53
134	2	fb:cell._satchel	"Satchel"	``|satchel|''	``|Satchel|''	``|NNP|''	O|O|O	||				"Satchel"
134	3	fb:cell.kansas_city_monarchs	Kansas City Monarchs	kansas|city|monarchs	Kansas|City|monarch	NNP|NNP|NNS	ORGANIZATION|ORGANIZATION|ORGANIZATION	||				Kansas City Monarchs
135	0	fb:cell.jim_palmer	Jim Palmer	jim|palmer	Jim|Palmer	NNP|NNP	PERSON|PERSON	|				Jim Palmer
135	1	fb:cell.1965_84	1965–84	1965|--|84	1965|--|84	CD|:|CD	DATE|O|NUMBER	1965||84.0	1965.0		84.0	1965–84
135	2	fb:cell._cakes	"Cakes"	``|cakes|''	``|Cakes|''	``|NNPS|''	O|O|O	||				"Cakes"
135	3	fb:cell.baltimore_orioles	Baltimore Orioles	baltimore|orioles	Baltimore|Orioles	NNP|NNP	ORGANIZATION|ORGANIZATION	|				Baltimore Orioles
136	0	fb:cell.herb_pennock	Herb Pennock	herb|pennock	Herb|Pennock	NNP|NNP	PERSON|PERSON	|				Herb Pennock
136	1	fb:cell.1912_34	1912–34	1912|--|34	1912|--|34	CD|:|CD	DATE|O|NUMBER	1912||34.0	1912.0		34.0	1912–34
136	2	fb:cell._the_knight_of_kennett_square	"The Knight of Kennett Square"	``|the|knight|of|kennett|square|''	``|the|knight|of|Kennett|Square|''	``|DT|NN|IN|NNP|NNP|''	O|O|O|O|LOCATION|LOCATION|O	||||||				"The Knight of Kennett Square"
136	3	fb:cell.new_york_yankees	New York Yankees	new|york|yankees	New|York|Yankees	NNP|NNP|NNPS	ORGANIZATION|ORGANIZATION|ORGANIZATION	||				New York Yankees
137	0	fb:cell.kirby_puckett	Kirby Puckett	kirby|puckett	Kirby|Puckett	NNP|NNP	PERSON|PERSON	|				Kirby Puckett
137	1	fb:cell.1984_95	1984–95	1984|--|95	1984|--|95	CD|:|CD	DATE|O|NUMBER	1984||95.0	1984.0		95.0	1984–95
137	2	fb:cell._puck	"Puck"	``|puck|''	``|puck|''	``|NN|''	O|O|O	||				"Puck"
137	3	fb:cell.minnesota_twins	Minnesota Twins	minnesota|twins	Minnesota|Twins	NNP|NNP	ORGANIZATION|ORGANIZATION	|				Minnesota Twins
138	0	fb:cell.charles_radbourn	Charles Radbourn	charles|radbourn	Charles|Radbourn	NNP|NNP	PERSON|PERSON	|				Charles Radbourn
138	1	fb:cell.1881_91	1881–91	1881|--|91	1881|--|91	CD|:|CD	DATE|O|NUMBER	1881||91.0	1881.0		91.0	1881–91
138	2	fb:cell._old_hoss	"Old Hoss"	``|old|hoss|''	``|old|Hoss|''	``|JJ|NNP|''	O|O|O|O	|||				"Old Hoss"
138	3	fb:cell.providence_grays	Providence Grays	providence|grays	Providence|Grays	NNP|NNPS	O|O	|				Providence Grays
139	0	fb:cell.pee_wee_reese	Pee Wee Reese	pee|wee|reese	Pee|Wee|Reese	NNP|NNP|NNP	PERSON|PERSON|PERSON	||				Pee Wee Reese
139	1	fb:cell.1940_58	1940–58	1940|--|58	1940|--|58	CD|:|CD	DATE|O|NUMBER	1940||58.0	1940.0		58.0	1940–58
139	2	fb:cell._pee_wee_or_the_little_colonel	"Pee Wee" or "The Little Colonel"	``|pee|wee|''|or|``|the|little|colonel|''	``|Pee|Wee|''|or|``|the|little|Colonel|''	``|NNP|NNP|''|CC|``|DT|JJ|NNP|''	O|O|O|O|O|O|O|O|O|O	|||||||||				"Pee Wee" or "The Little Colonel"
139	3	fb:cell.brooklyn_dodgers	Brooklyn Dodgers	brooklyn|dodgers	Brooklyn|Dodgers	NNP|NNPS	ORGANIZATION|ORGANIZATION	|				Brooklyn Dodgers
140	0	fb:cell.branch_rickey	Branch Rickey	branch|rickey	branch|Rickey	NN|NNP	O|PERSON	|				Branch Rickey
140	1	fb:cell.1905_07_1913_25	1905–07, 1913–25	1905|--|07|,|1913|--|25	1905|--|07|,|1913|--|25	CD|:|CD|,|CD|:|CD	DATE|O|NUMBER|O|DATE|O|NUMBER	1905||7.0||1913||25.0	1905.0		71913.0	1905–07|1913–25
140	2	fb:cell._the_mahatma	"The Mahatma"	``|the|mahatma|''	``|the|Mahatma|''	``|DT|NNP|''	O|O|O|O	|||				"The Mahatma"
140	3	fb:cell.n_a	N/A	n/a	N/A	NNP	O					N|A
141	0	fb:cell.cal_ripken_jr	Cal Ripken, Jr	cal|ripken|,|jr	Cal|Ripken|,|Jr	NNP|NNP|,|NNP	PERSON|PERSON|O|PERSON	|||				Cal Ripken|Jr
141	1	fb:cell.1981_2001	1981–2001	1981|--|2001	1981|--|2001	CD|:|CD	DATE|O|DATE	1981||2001	1981.0		2001.0	1981–2001
141	2	fb:cell._iron_man	"Iron Man"	``|iron|man|''	``|Iron|Man|''	``|NNP|NNP|''	O|O|O|O	|||				"Iron Man"
141	3	fb:cell.baltimore_orioles	Baltimore Orioles	baltimore|orioles	Baltimore|Orioles	NNP|NNP	ORGANIZATION|ORGANIZATION	|				Baltimore Orioles
142	0	fb:cell.eppa_rixey	Eppa Rixey	eppa|rixey	eppa|rixey	NN|NN	PERSON|PERSON	|				Eppa Rixey
142	1	fb:cell.1912_33	1912–33	1912|--|33	1912|--|33	CD|:|CD	DATE|O|NUMBER	1912||33.0	1912.0		33.0	1912–33
142	2	fb:cell._jeptha	"Jeptha"	``|jeptha|''	``|Jeptha|''	``|NNP|''	O|O|O	||				"Jeptha"
142	3	fb:cell.cincinnati_reds	Cincinnati Reds	cincinnati|reds	Cincinnati|Reds	NNP|NNP	ORGANIZATION|ORGANIZATION	|				Cincinnati Reds
143	0	fb:cell.phil_rizzuto	Phil Rizzuto	phil|rizzuto	Phil|Rizzuto	NNP|NNP	PERSON|PERSON	|				Phil Rizzuto
143	1	fb:cell.1941_56	1941–56	1941|--|56	1941|--|56	CD|:|CD	DATE|O|NUMBER	1941||56.0	1941.0		56.0	1941–56
143	2	fb:cell._scooter	"Scooter"	``|scooter|''	``|scooter|''	``|NN|''	O|O|O	||				"Scooter"
143	3	fb:cell.new_york_yankees	New York Yankees	new|york|yankees	New|York|Yankees	NNP|NNP|NNPS	ORGANIZATION|ORGANIZATION|ORGANIZATION	||				New York Yankees
144	0	fb:cell.brooks_robinson	Brooks Robinson	brooks|robinson	Brooks|Robinson	NNP|NNP	PERSON|PERSON	|				Brooks Robinson
144	1	fb:cell.1955_77	1955–77	1955|--|77	1955|--|77	CD|:|CD	DATE|O|NUMBER	1955||77.0	1955.0		77.0	1955–77
144	2	fb:cell._hoover_or_the_vacuum_cleaner	"Hoover" or "The Vacuum Cleaner"	``|hoover|''|or|``|the|vacuum|cleaner|''	``|Hoover|''|or|``|the|vacuum|cleaner|''	``|NNP|''|CC|``|DT|NN|JJR|''	O|O|O|O|O|O|O|O|O	||||||||				"Hoover" or "The Vacuum Cleaner"
144	3	fb:cell.baltimore_orioles	Baltimore Orioles	baltimore|orioles	Baltimore|Orioles	NNP|NNP	ORGANIZATION|ORGANIZATION	|				Baltimore Orioles
145	0	fb:cell.bullet_rogan	Bullet Rogan	bullet|rogan	bullet|Rogan	NN|NNP	PERSON|PERSON	|				Bullet Rogan
145	1	fb:cell.1917_1920_1938	1917, 1920–1938	1917|,|1920|--|1938	1917|,|1920|--|1938	CD|,|CD|:|CD	DATE|O|DATE|O|DATE	1917||1920||1938	1.917192E7		1938.0	1917|1920–1938
145	2	fb:cell._bullet	"Bullet"	``|bullet|''	``|bullet|''	``|NN|''	O|O|O	||				"Bullet"
145	3	fb:cell.kansas_city_monarchs	Kansas City Monarchs	kansas|city|monarchs	Kansas|City|monarch	NNP|NNP|NNS	ORGANIZATION|ORGANIZATION|ORGANIZATION	||				Kansas City Monarchs
146	0	fb:cell.red_ruffing	Red Ruffing	red|ruffing	red|ruffing	JJ|NN	PERSON|PERSON	|				Red Ruffing
146	1	fb:cell.1924_47	1924–47	1924|--|47	1924|--|47	CD|:|CD	DATE|O|NUMBER	1924||47.0	1924.0		47.0	1924–47
146	2	fb:cell._red	"Red"	``|red|''	``|Red|''	``|NNP|''	O|O|O	||				"Red"
146	3	fb:cell.new_york_yankees	New York Yankees	new|york|yankees	New|York|Yankees	NNP|NNP|NNPS	ORGANIZATION|ORGANIZATION|ORGANIZATION	||				New York Yankees
147	0	fb:cell.amos_rusie	Amos Rusie	amos|rusie	Amos|Rusie	NNP|NNP	PERSON|PERSON	|				Amos Rusie
147	1	fb:cell.1889_1901	1889–1901	1889|--|1901	1889|--|1901	CD|:|CD	DATE|O|DATE	1889||1901	1889.0		1901.0	1889–1901
147	2	fb:cell._the_hoosier_thunderbolt	"The Hoosier Thunderbolt"	``|the|hoosier|thunderbolt|''	``|the|Hoosier|Thunderbolt|''	``|DT|NNP|NNP|''	O|O|O|O|O	||||				"The Hoosier Thunderbolt"
147	3	fb:cell.new_york_giants	New York Giants	new|york|giants	New|York|Giants	NNP|NNP|NNPS	ORGANIZATION|ORGANIZATION|ORGANIZATION	||				New York Giants
148	0	fb:cell.babe_ruth	Babe Ruth	babe|ruth	Babe|Ruth	NNP|NNP	PERSON|PERSON	|				Babe Ruth
148	1	fb:cell.1914_35	1914–35	1914|--|35	1914|--|35	CD|:|CD	DATE|O|NUMBER	1914||35.0	1914.0		35.0	1914–35
148	2	fb:cell._babe_the_bambino_sultan_of_swat_or_colossus_of_clout	"Babe", "The Bambino", "Sultan of Swat" or "Colossus of Clout"	``|babe|''|,|``|the|bambino|''|,|``|sultan|of|swat|''|or|``|colossus|of|clout|''	``|Babe|''|,|``|the|bambino|''|,|``|Sultan|of|Swat|''|or|``|colossus|of|clout|''	``|NNP|''|,|``|DT|NN|''|,|``|NNP|IN|NNP|''|CC|``|NN|IN|NN|''	O|O|O|O|O|O|O|O|O|O|O|O|O|O|O|O|O|O|O|O	|||||||||||||||||||				"Babe"|"The Bambino"|"Sultan of Swat" or "Colossus of Clout"
148	3	fb:cell.new_york_yankees	New York Yankees	new|york|yankees	New|York|Yankees	NNP|NNP|NNPS	ORGANIZATION|ORGANIZATION|ORGANIZATION	||				New York Yankees
149	0	fb:cell.nolan_ryan	Nolan Ryan	nolan|ryan	Nolan|Ryan	NNP|NNP	PERSON|PERSON	|				Nolan Ryan
149	1	fb:cell.1966_93	1966–93	1966|--|93	1966|--|93	CD|:|CD	DATE|O|NUMBER	1966||93.0	1966.0		93.0	1966–93
149	2	fb:cell._the_ryan_express	"The Ryan Express"	``|the|ryan|express|''	``|the|Ryan|Express|''	``|DT|NNP|NNP|''	O|O|ORGANIZATION|ORGANIZATION|O	||||				"The Ryan Express"
149	3	fb:cell.texas_rangers	Texas Rangers	texas|rangers	Texas|Rangers	NNP|NNPS	ORGANIZATION|ORGANIZATION	|				Texas Rangers
150	0	fb:cell.ryne_sandberg	Ryne Sandberg	ryne|sandberg	Ryne|Sandberg	NNP|NNP	PERSON|PERSON	|				Ryne Sandberg
150	1	fb:cell.1981_97	1981–97	1981|--|97	1981|--|97	CD|:|CD	DATE|O|NUMBER	1981||97.0	1981.0		97.0	1981–97
150	2	fb:cell._ryno	"Ryno"	``|ryno|''	``|Ryno|''	``|NNP|''	O|PERSON|O	||				"Ryno"
150	3	fb:cell.chicago_cubs	Chicago Cubs	chicago|cubs	Chicago|Cubs	NNP|NNP	ORGANIZATION|ORGANIZATION	|				Chicago Cubs
151	0	fb:cell.ray_schalk	Ray Schalk	ray|schalk	Ray|Schalk	NNP|NNP	PERSON|PERSON	|				Ray Schalk
151	1	fb:cell.1912_29	1912–29	1912|--|29	1912|--|29	CD|:|CD	DATE|O|NUMBER	1912||29.0	1912.0		29.0	1912–29
151	2	fb:cell._cracker	"Cracker"	``|cracker|''	``|Cracker|''	``|NNP|''	O|O|O	||				"Cracker"
151	3	fb:cell.chicago_white_sox	Chicago White Sox	chicago|white|sox	Chicago|White|Sox	NNP|NNP|NNPS	ORGANIZATION|ORGANIZATION|ORGANIZATION	||				Chicago White Sox
152	0	fb:cell.mike_schmidt	Mike Schmidt	mike|schmidt	Mike|Schmidt	NNP|NNP	PERSON|PERSON	|				Mike Schmidt
152	1	fb:cell.1972_89	1972–89	1972|--|89	1972|--|89	CD|:|CD	DATE|O|NUMBER	1972||89.0	1972.0		89.0	1972–89
152	2	fb:cell._schmidty	"Schmidty"	``|schmidty|''	``|schmidty|''	``|NN|''	O|O|O	||				"Schmidty"
152	3	fb:cell.philadelphia_phillies	Philadelphia Phillies	philadelphia|phillies	Philadelphia|Phillies	NNP|NNPS	ORGANIZATION|ORGANIZATION	|				Philadelphia Phillies
153	0	fb:cell.tom_seaver	Tom Seaver	tom|seaver	Tom|Seaver	NNP|NNP	PERSON|PERSON	|				Tom Seaver
153	1	fb:cell.1967_86	1967–86	1967|--|86	1967|--|86	CD|:|CD	DATE|O|NUMBER	1967||86.0	1967.0		86.0	1967–86
153	2	fb:cell._tom_terrific_or_the_franchise	"Tom Terrific" or "The Franchise"	``|tom|terrific|''|or|``|the|franchise|''	``|Tom|Terrific|''|or|``|the|franchise|''	``|NNP|NNP|''|CC|``|DT|NN|''	O|O|O|O|O|O|O|O|O	||||||||				"Tom Terrific" or "The Franchise"
153	3	fb:cell.new_york_mets	New York Mets	new|york|mets	New|York|Mets	NNP|NNP|NNPS	ORGANIZATION|ORGANIZATION|ORGANIZATION	||				New York Mets
154	0	fb:cell.al_simmons	Al Simmons	al|simmons	Al|Simmons	NNP|NNP	PERSON|PERSON	|				Al Simmons
154	1	fb:cell.1924_44	1924–44	1924|--|44	1924|--|44	CD|:|CD	DATE|O|NUMBER	1924||44.0	1924.0		44.0	1924–44
154	2	fb:cell._bucketfoot_al	"Bucketfoot Al"	``|bucketfoot|al|''	``|Bucketfoot|Al|''	``|NNP|NNP|''	O|O|O|O	|||				"Bucketfoot Al"
154	3	fb:cell.philadelphia_athletics	Philadelphia Athletics	philadelphia|athletics	Philadelphia|Athletics	NNP|NNP	ORGANIZATION|ORGANIZATION	|				Philadelphia Athletics
155	0	fb:cell.george_sisler	George Sisler	george|sisler	George|Sisler	NNP|NNP	PERSON|PERSON	|				George Sisler
155	1	fb:cell.1915_30	1915–30	1915|--|30	1915|--|30	CD|:|CD	DATE|O|NUMBER	1915||30.0	1915.0		30.0	1915–30
155	2	fb:cell._gorgeous_george	"Gorgeous George"	``|gorgeous|george|''	``|gorgeous|George|''	``|JJ|NNP|''	O|O|O|O	|||				"Gorgeous George"
155	3	fb:cell.st_louis_browns	St. Louis Browns	st.|louis|browns	St.|Louis|Browns	NNP|NNP|NNPS	ORGANIZATION|ORGANIZATION|ORGANIZATION	||				St. Louis Browns
156	0	fb:cell.enos_slaughter	Enos Slaughter	enos|slaughter	Enos|slaughter	NNP|NN	PERSON|PERSON	|				Enos Slaughter
156	1	fb:cell.1938_59	1938–59	1938|--|59	1938|--|59	CD|:|CD	DATE|O|NUMBER	1938||59.0	1938.0		59.0	1938–59
156	2	fb:cell._country	"Country"	``|country|''	``|country|''	``|NN|''	O|O|O	||				"Country"
156	3	fb:cell.st_louis_cardinals	St. Louis Cardinals	st.|louis|cardinals	St.|Louis|Cardinals	NNP|NNP|NNPS	ORGANIZATION|ORGANIZATION|ORGANIZATION	||				St. Louis Cardinals
157	0	fb:cell.ozzie_smith	Ozzie Smith	ozzie|smith	Ozzie|Smith	NNP|NNP	PERSON|PERSON	|				Ozzie Smith
157	1	fb:cell.1978_96	1978–96	1978|--|96	1978|--|96	CD|:|CD	DATE|O|NUMBER	1978||96.0	1978.0		96.0	1978–96
157	2	fb:cell._the_wizard_of_oz_or_the_wizard	"The Wizard of Oz" or "The Wizard"	``|the|wizard|of|oz|''|or|``|the|wizard|''	``|the|Wizard|of|Oz|''|or|``|the|Wizard|''	``|DT|NNP|IN|NNP|''|CC|``|DT|NNP|''	O|O|O|O|O|O|O|O|O|O|O	||||||||||				"The Wizard of Oz" or "The Wizard"
157	3	fb:cell.st_louis_cardinals	St. Louis Cardinals	st.|louis|cardinals	St.|Louis|Cardinals	NNP|NNP|NNPS	ORGANIZATION|ORGANIZATION|ORGANIZATION	||				St. Louis Cardinals
158	0	fb:cell.duke_snider	Duke Snider	duke|snider	Duke|Snider	NNP|NNP	PERSON|PERSON	|				Duke Snider
158	1	fb:cell.1947_64	1947–64	1947|--|64	1947|--|64	CD|:|CD	DATE|O|NUMBER	1947||64.0	1947.0		64.0	1947–64
158	2	fb:cell._the_silver_fox_of_duke	"The Silver Fox" of "Duke"	``|the|silver|fox|''|of|``|duke|''	``|the|silver|fox|''|of|``|Duke|''	``|DT|NN|NN|''|IN|``|NNP|''	O|O|O|O|O|O|O|PERSON|O	||||||||				"The Silver Fox" of "Duke"
158	3	fb:cell.brooklyn_dodgers	Brooklyn Dodgers	brooklyn|dodgers	Brooklyn|Dodgers	NNP|NNPS	ORGANIZATION|ORGANIZATION	|				Brooklyn Dodgers
159	0	fb:cell.tris_speaker	Tris Speaker	tris|speaker	Tris|Speaker	NNP|NNP	ORGANIZATION|O	|				Tris Speaker
159	1	fb:cell.1907_28	1907–28	1907|--|28	1907|--|28	CD|:|CD	DATE|O|NUMBER	1907||28.0	1907.0		28.0	1907–28
159	2	fb:cell._tris_the_grey_eagle_or_spoke	"Tris", "The Grey Eagle" or "Spoke"	``|tris|''|,|``|the|grey|eagle|''|or|``|spoke|''	``|Tris|''|,|``|the|grey|Eagle|''|or|``|speak|''	``|NNP|''|,|``|DT|JJ|NNP|''|CC|``|VBD|''	O|O|O|O|O|O|O|O|O|O|O|O|O	||||||||||||				"Tris"|"The Grey Eagle" or "Spoke"
159	3	fb:cell.cleveland_indians	Cleveland Indians	cleveland|indians	Cleveland|Indians	NNP|NNPS	ORGANIZATION|ORGANIZATION	|				Cleveland Indians
160	0	fb:cell.willie_stargell	Willie Stargell	willie|stargell	Willie|Stargell	NNP|NNP	PERSON|PERSON	|				Willie Stargell
160	1	fb:cell.1962_82	1962–82	1962|--|82	1962|--|82	CD|:|CD	DATE|O|NUMBER	1962||82.0	1962.0		82.0	1962–82
160	2	fb:cell._pops	"Pops"	``|pops|''	``|pop|''	``|VBZ|''	O|O|O	||				"Pops"
160	3	fb:cell.pittsburgh_pirates	Pittsburgh Pirates	pittsburgh|pirates	Pittsburgh|pirate	NNP|NNS	ORGANIZATION|ORGANIZATION	|				Pittsburgh Pirates
161	0	fb:cell.turkey_stearnes	Turkey Stearnes	turkey|stearnes	Turkey|Stearnes	NNP|NNP	LOCATION|O	|				Turkey Stearnes
161	1	fb:cell.1920_1942_1945	1920–1942, 1945	1920|--|1942|,|1945	1920|--|1942|,|1945	CD|:|CD|,|CD	DATE|O|DATE|O|DATE	1920||1942||1945	1920.0		1.9421945E7	1920–1942|1945
161	2	fb:cell._turkey	"Turkey"	``|turkey|''	``|Turkey|''	``|NNP|''	O|LOCATION|O	||				"Turkey"
161	3	fb:cell.detroit_stars	Detroit Stars	detroit|stars	Detroit|Stars	NNP|NNP	ORGANIZATION|ORGANIZATION	|				Detroit Stars
162	0	fb:cell.casey_stengel	Casey Stengel	casey|stengel	Casey|Stengel	NNP|NNP	PERSON|PERSON	|				Casey Stengel
162	1	fb:cell.1912_25_1934_65	1912–25, 1934–65	1912|--|25|,|1934|--|65	1912|--|25|,|1934|--|65	CD|:|CD|,|CD|:|CD	DATE|O|NUMBER|O|DATE|O|NUMBER	1912||25.0||1934||65.0	1912.0		251934.0	1912–25|1934–65
162	2	fb:cell._casey_and_the_old_professor	"Casey" and "The Old Professor"	``|casey|''|and|``|the|old|professor|''	``|Casey|''|and|``|the|old|professor|''	``|NNP|''|CC|``|DT|JJ|NN|''	O|O|O|O|O|O|O|O|O	||||||||				"Casey" and "The Old Professor"
162	3	fb:cell.new_york_yankees	New York Yankees	new|york|yankees	New|York|Yankees	NNP|NNP|NNPS	ORGANIZATION|ORGANIZATION|ORGANIZATION	||				New York Yankees
163	0	fb:cell.don_sutton	Don Sutton	don|sutton	Don|Sutton	NNP|NNP	PERSON|PERSON	|				Don Sutton
163	1	fb:cell.1966_88	1966–88	1966|--|88	1966|--|88	CD|:|CD	DATE|O|NUMBER	1966||88.0	1966.0		88.0	1966–88
163	2	fb:cell._black_decker	"Black & Decker"	``|black|&|decker|''	``|Black|&|Decker|''	``|NNP|CC|NNP|''	O|O|O|O|O	||||				"Black & Decker"
163	3	fb:cell.los_angeles_dodgers	Los Angeles Dodgers	los|angeles|dodgers	Los|Angeles|Dodgers	NNP|NNP|NNPS	ORGANIZATION|ORGANIZATION|ORGANIZATION	||				Los Angeles Dodgers
164	0	fb:cell.bill_terry	Bill Terry	bill|terry	Bill|Terry	NNP|NNP	PERSON|PERSON	|				Bill Terry
164	1	fb:cell.1923_36	1923–36	1923|--|36	1923|--|36	CD|:|CD	DATE|O|NUMBER	1923||36.0	1923.0		36.0	1923–36
164	2	fb:cell._memphis_bill	"Memphis Bill"	``|memphis|bill|''	``|Memphis|Bill|''	``|NNP|NNP|''	O|O|O|O	|||				"Memphis Bill"
164	3	fb:cell.new_york_giants	New York Giants	new|york|giants	New|York|Giants	NNP|NNP|NNPS	ORGANIZATION|ORGANIZATION|ORGANIZATION	||				New York Giants
165	0	fb:cell.sam_thompson	Sam Thompson	sam|thompson	Sam|Thompson	NNP|NNP	PERSON|PERSON	|				Sam Thompson
165	1	fb:cell.1885_98	1885–98	1885|--|98	1885|--|98	NNP|:|CD	DATE|O|NUMBER	1885||98.0	1885.0		98.0	1885–98
165	2	fb:cell._big_sam	"Big Sam	``|big|sam	``|big|Sam	``|JJ|NNP	O|O|PERSON	||				"Big Sam
165	3	fb:cell.philadelphia_phillies	Philadelphia Phillies	philadelphia|phillies	Philadelphia|Phillies	NNP|NNPS	ORGANIZATION|ORGANIZATION	|				Philadelphia Phillies
166	0	fb:cell.pie_traynor	Pie Traynor	pie|traynor	pie|Traynor	NN|NNP	PERSON|PERSON	|				Pie Traynor
166	1	fb:cell.1920_37	1920–37	1920|--|37	1920|--|37	CD|:|CD	DATE|O|NUMBER	1920||37.0	1920.0		37.0	1920–37
166	2	fb:cell._pie	"Pie"	``|pie|''	``|pie|''	``|NN|''	O|O|O	||				"Pie"
166	3	fb:cell.pittsburgh_pirates	Pittsburgh Pirates	pittsburgh|pirates	Pittsburgh|pirate	NNP|NNS	ORGANIZATION|ORGANIZATION	|				Pittsburgh Pirates
167	0	fb:cell.dazzy_vance	Dazzy Vance	dazzy|vance	Dazzy|Vance	NNP|NNP	PERSON|PERSON	|				Dazzy Vance
167	1	fb:cell.1915_35	1915–35	1915|--|35	1915|--|35	CD|:|CD	DATE|O|NUMBER	1915||35.0	1915.0		35.0	1915–35
167	2	fb:cell._dazzy	"Dazzy"	``|dazzy|''	``|Dazzy|''	``|NNP|''	O|PERSON|O	||				"Dazzy"
167	3	fb:cell.brooklyn_dodgers	Brooklyn Dodgers	brooklyn|dodgers	Brooklyn|Dodgers	NNP|NNPS	ORGANIZATION|ORGANIZATION	|				Brooklyn Dodgers
168	0	fb:cell.arky_vaughan	Arky Vaughan	arky|vaughan	Arky|Vaughan	NNP|NNP	PERSON|PERSON	|				Arky Vaughan
168	1	fb:cell.1932_48	1932–48	1932|--|48	1932|--|48	CD|:|CD	DATE|O|NUMBER	1932||48.0	1932.0		48.0	1932–48
168	2	fb:cell._arky	"Arky"	``|arky|''	``|Arky|''	``|NNP|''	O|PERSON|O	||				"Arky"
168	3	fb:cell.pittsburgh_pirates	Pittsburgh Pirates	pittsburgh|pirates	Pittsburgh|pirate	NNP|NNS	ORGANIZATION|ORGANIZATION	|				Pittsburgh Pirates
169	0	fb:cell.rube_waddell	Rube Waddell	rube|waddell	Rube|Waddell	NNP|NNP	PERSON|PERSON	|				Rube Waddell
169	1	fb:cell.1897_1910	1897–1910	1897|--|1910	1897|--|1910	CD|:|CD	DATE|O|DATE	1897||1910	1897.0		1910.0	1897–1910
169	2	fb:cell._rube	"Rube"	``|rube|''	``|Rube|''	``|NNP|''	O|O|O	||				"Rube"
169	3	fb:cell.philadelphia_athletics	Philadelphia Athletics	philadelphia|athletics	Philadelphia|Athletics	NNP|NNP	ORGANIZATION|ORGANIZATION	|				Philadelphia Athletics
170	0	fb:cell.honus_wagner	Honus Wagner	honus|wagner	Honus|Wagner	NNP|NNP	PERSON|PERSON	|				Honus Wagner
170	1	fb:cell.1897_1917	1897–1917	1897|--|1917	1897|--|1917	CD|:|CD	DATE|O|DATE	1897||1917	1897.0		1917.0	1897–1917
170	2	fb:cell._the_flying_dutchman_or_honus	"The Flying Dutchman" or "Honus"	``|the|flying|dutchman|''|or|``|honus|''	``|the|fly|dutchman|''|or|``|Honus|''	``|DT|VBG|NN|''|CC|``|NNP|''	O|O|O|MISC|O|O|O|O|O	||||||||				"The Flying Dutchman" or "Honus"
170	3	fb:cell.pittsburgh_pirates	Pittsburgh Pirates	pittsburgh|pirates	Pittsburgh|pirate	NNP|NNS	ORGANIZATION|ORGANIZATION	|				Pittsburgh Pirates
171	0	fb:cell.lloyd_waner	Lloyd Waner	lloyd|waner	Lloyd|Waner	NNP|NNP	PERSON|PERSON	|				Lloyd Waner
171	1	fb:cell.1927_45	1927–45	1927|--|45	1927|--|45	CD|:|CD	DATE|O|NUMBER	1927||45.0	1927.0		45.0	1927–45
171	2	fb:cell._little_poison	"Little Poison"	``|little|poison|''	``|little|poison|''	``|JJ|NN|''	O|O|O|O	|||				"Little Poison"
171	3	fb:cell.pittsburgh_pirates	Pittsburgh Pirates	pittsburgh|pirates	Pittsburgh|pirate	NNP|NNS	ORGANIZATION|ORGANIZATION	|				Pittsburgh Pirates
172	0	fb:cell.paul_waner	Paul Waner	paul|waner	Paul|Waner	NNP|NNP	PERSON|PERSON	|				Paul Waner
172	1	fb:cell.1926_45	1926–45	1926|--|45	1926|--|45	CD|:|CD	DATE|O|NUMBER	1926||45.0	1926.0		45.0	1926–45
172	2	fb:cell._big_poison	"Big Poison"	``|big|poison|''	``|big|poison|''	``|JJ|NN|''	O|O|O|O	|||				"Big Poison"
172	3	fb:cell.pittsburgh_pirates	Pittsburgh Pirates	pittsburgh|pirates	Pittsburgh|pirate	NNP|NNS	ORGANIZATION|ORGANIZATION	|				Pittsburgh Pirates
173	0	fb:cell.earl_weaver	Earl Weaver	earl|weaver	Earl|Weaver	NNP|NNP	PERSON|PERSON	|				Earl Weaver
173	1	fb:cell.1968_86	1968–86	1968|--|86	1968|--|86	CD|:|CD	DATE|O|NUMBER	1968||86.0	1968.0		86.0	1968–86
173	2	fb:cell._doodles	"Doodles"	``|doodles|''	``|doodle|''	``|NNS|''	O|O|O	||				"Doodles"
173	3	fb:cell.baltimore_orioles	Baltimore Orioles	baltimore|orioles	Baltimore|Orioles	NNP|NNP	ORGANIZATION|ORGANIZATION	|				Baltimore Orioles
174	0	fb:cell.willie_wells	Willie Wells	willie|wells	Willie|Wells	NNP|NNP	PERSON|PERSON	|				Willie Wells
174	1	fb:cell.1923_1924_1936_1942_1944_1948	1923, 1924–1936, 1942, 1944–1948	1923|,|1924|--|1936|,|1942|,|1944|--|1948	1923|,|1924|--|1936|,|1942|,|1944|--|1948	CD|,|CD|:|CD|,|CD|,|CD|:|CD	DATE|O|DATE|O|DATE|O|DATE|O|DATE|O|DATE	1923||1924||1936||1942||1944||1948	1.9231924E7		1.93619421944E11	1923|1924–1936|1942|1944–1948
174	2	fb:cell._devil	"Devil"	``|devil|''	``|Devil|''	``|NNP|''	O|O|O	||				"Devil"
174	3	fb:cell.st_louis_stars	St. Louis Stars	st.|louis|stars	St.|Louis|Stars	NNP|NNP|NNP	ORGANIZATION|ORGANIZATION|ORGANIZATION	||				St. Louis Stars
175	0	fb:cell.zack_wheat	Zack Wheat	zack|wheat	Zack|Wheat	NNP|NNP	PERSON|PERSON	|				Zack Wheat
175	1	fb:cell.1909_27	1909–27	1909|--|27	1909|--|27	CD|:|CD	DATE|O|NUMBER	1909||27.0	1909.0		27.0	1909–27
175	2	fb:cell._buck	"Buck"	``|buck|''	``|Buck|''	``|NNP|''	O|O|O	||				"Buck"
175	3	fb:cell.brooklyn_dodgers	Brooklyn Dodgers	brooklyn|dodgers	Brooklyn|Dodgers	NNP|NNPS	ORGANIZATION|ORGANIZATION	|				Brooklyn Dodgers
176	0	fb:cell.billy_williams	Billy Williams	billy|williams	Billy|Williams	NNP|NNP	PERSON|PERSON	|				Billy Williams
176	1	fb:cell.1959_76	1959–76	1959|--|76	1959|--|76	CD|:|CD	DATE|O|NUMBER	1959||76.0	1959.0		76.0	1959–76
176	2	fb:cell._sweet_swingin_billy_from_whistler	"Sweet Swingin' Billy from Whistler"	``|sweet|swingin|'|billy|from|whistler|''	``|sweet|swingin|'|Billy|from|Whistler|''	``|JJ|NN|''|NNP|IN|NNP|''	O|O|O|O|PERSON|O|LOCATION|O	|||||||				"Sweet Swingin' Billy from Whistler"
176	3	fb:cell.chicago_cubs	Chicago Cubs	chicago|cubs	Chicago|Cubs	NNP|NNP	ORGANIZATION|ORGANIZATION	|				Chicago Cubs
177	0	fb:cell.hack_wilson	Hack Wilson	hack|wilson	hack|Wilson	NN|NNP	PERSON|PERSON	|				Hack Wilson
177	1	fb:cell.1923_34	1923–34	1923|--|34	1923|--|34	CD|:|CD	DATE|O|NUMBER	1923||34.0	1923.0		34.0	1923–34
177	2	fb:cell._hack	"Hack"	``|hack|''	``|hack|''	``|NN|''	O|O|O	||				"Hack"
177	3	fb:cell.chicago_cubs	Chicago Cubs	chicago|cubs	Chicago|Cubs	NNP|NNP	ORGANIZATION|ORGANIZATION	|				Chicago Cubs
178	0	fb:cell.cyclone_joe_williams	Cyclone Joe Williams	cyclone|joe|williams	cyclone|Joe|Williams	NN|NNP|NNP	PERSON|PERSON|PERSON	||				Cyclone Joe Williams
178	1	fb:cell.1910_1932	1910–1932	1910|--|1932	1910|--|1932	CD|:|CD	DATE|O|DATE	1910||1932	1910.0		1932.0	1910–1932
178	2	fb:cell._smokey_joe_or_cyclone	"Smokey Joe" or "Cyclone"	``|smokey|joe|''|or|``|cyclone|''	``|Smokey|Joe|''|or|``|cyclone|''	``|NNP|NNP|''|CC|``|NN|''	O|PERSON|PERSON|O|O|O|O|O	|||||||				"Smokey Joe" or "Cyclone"
178	3	fb:cell.new_york_lincoln_giants	New York Lincoln Giants	new|york|lincoln|giants	New|York|Lincoln|Giants	NNP|NNP|NNP|NNPS	ORGANIZATION|ORGANIZATION|ORGANIZATION|ORGANIZATION	|||				New York Lincoln Giants
179	0	fb:cell.ted_williams	Ted Williams	ted|williams	Ted|Williams	NNP|NNP	PERSON|PERSON	|				Ted Williams
179	1	fb:cell.1939_60	1939–60	1939|--|60	1939|--|60	CD|:|CD	DATE|O|NUMBER	1939||60.0	1939.0		60.0	1939–60
179	2	fb:cell._the_splendid_splinter_teddy_ballgame_thumper_or_kid	"The Splendid Splinter", "Teddy Ballgame", "Thumper", or "Kid"	``|the|splendid|splinter|''|,|``|teddy|ballgame|''|,|``|thumper|''|,|or|``|kid|''	``|the|splendid|splinter|''|,|``|Teddy|Ballgame|''|,|``|thumper|''|,|or|``|Kid|''	``|DT|JJ|NN|''|,|``|NNP|NNP|''|,|``|NN|''|,|CC|``|NNP|''	O|O|O|O|O|O|O|O|O|O|O|O|O|O|O|O|O|O|O	||||||||||||||||||				"The Splendid Splinter"|"Teddy Ballgame"|"Thumper"|or "Kid"
179	3	fb:cell.boston_red_sox	Boston Red Sox	boston|red|sox	Boston|Red|Sox	NNP|NNP|NNP	ORGANIZATION|ORGANIZATION|ORGANIZATION	||				Boston Red Sox
180	0	fb:cell.early_wynn	Early Wynn	early|wynn	early|Wynn	JJ|NNP	O|PERSON	|				Early Wynn
180	1	fb:cell.1939_63	1939–63	1939|--|63	1939|--|63	CD|:|CD	DATE|O|NUMBER	1939||63.0	1939.0		63.0	1939–63
180	2	fb:cell._gus	"Gus"	``|gus|''	``|Gus|''	``|NNP|''	O|O|O	||				"Gus"
180	3	fb:cell.cleveland_indians	Cleveland Indians	cleveland|indians	Cleveland|Indians	NNP|NNPS	ORGANIZATION|ORGANIZATION	|				Cleveland Indians
181	0	fb:cell.carl_yastrzemski	Carl Yastrzemski	carl|yastrzemski	Carl|Yastrzemski	NNP|NNP	PERSON|PERSON	|				Carl Yastrzemski
181	1	fb:cell.1961_83	1961–83	1961|--|83	1961|--|83	CD|:|CD	DATE|O|NUMBER	1961||83.0	1961.0		83.0	1961–83
181	2	fb:cell._yaz	"Yaz"	``|yaz|''	``|Yaz|''	``|NNP|''	O|O|O	||				"Yaz"
181	3	fb:cell.boston_red_sox	Boston Red Sox	boston|red|sox	Boston|Red|Sox	NNP|NNP|NNP	ORGANIZATION|ORGANIZATION|ORGANIZATION	||				Boston Red Sox
182	0	fb:cell.cy_young	Cy Young	cy|young	Cy|Young	NNP|NNP	PERSON|PERSON	|				Cy Young
182	1	fb:cell.1890_1911	1890–1911	1890|--|1911	1890|--|1911	CD|:|CD	DATE|O|DATE	1890||1911	1890.0		1911.0	1890–1911
182	2	fb:cell._cy_or_cyclone	"Cy" or "Cyclone"	``|cy|''|or|``|cyclone|''	``|Cy|''|or|``|cyclone|''	``|NNP|''|CC|``|NN|''	O|O|O|O|O|O|O	||||||				"Cy" or "Cyclone"
182	3	fb:cell.cleveland_spiders	Cleveland Spiders	cleveland|spiders	Cleveland|spider	NNP|NNS	LOCATION|O	|				Cleveland Spiders
183	0	fb:cell.ross_youngs	Ross Youngs	ross|youngs	Ross|Youngs	NNP|NNP	PERSON|PERSON	|				Ross Youngs
183	1	fb:cell.1917_26	1917–26	1917|--|26	1917|--|26	CD|:|CD	DATE|O|NUMBER	1917||26.0	1917.0		26.0	1917–26
183	2	fb:cell._pep	"Pep"	``|pep|''	``|pep|''	``|NN|''	O|O|O	||				"Pep"
183	3	fb:cell.new_york_giants	New York Giants	new|york|giants	New|York|Giants	NNP|NNP|NNPS	ORGANIZATION|ORGANIZATION|ORGANIZATION	||				New York Giants
184	0	fb:cell.robin_yount	Robin Yount	robin|yount	Robin|Yount	NNP|NNP	PERSON|PERSON	|				Robin Yount
184	1	fb:cell.1974_93	1974–93	1974|--|93	1974|--|93	CD|:|CD	DATE|O|NUMBER	1974||93.0	1974.0		93.0	1974–93
184	2	fb:cell._the_kid	"The Kid"	``|the|kid|''	``|the|kid|''	``|DT|NN|''	O|O|O|O	|||				"The Kid"
184	3	fb:cell.milwaukee_brewers	Milwaukee Brewers	milwaukee|brewers	Milwaukee|brewer	NNP|NNS	ORGANIZATION|ORGANIZATION	|				Milwaukee Brewers
